hours,minutes,seconds,time
6,44,35,06:44:35
21,11,50,21:11:50
14,49,56,14:49:56
7,48,10,07:48:10
11,7,51,11:07:51
7,2,45,07:02:45
0,9,19,00:09:19
1,7,8,01:07:08
13,48,21,13:48:21
2,54,45,02:54:45
2,26,9,02:26:09
0,33,1,00:33:01
16,14,43,16:14:43
2,27,9,02:27:09
2,15,12,02:15:12
14,55,11,14:55:11
0,20,13,00:20:13
7,32,7,07:32:07
10,32,24,10:32:24
17,35,49,17:35:49
3,28,14,03:28:14
3,47,44,03:47:44
14,20,15,14:20:15
1,15,16,01:15:16
19,58,18,19:58:18
12,14,23,12:14:23
7,1,31,07:01:31
13,51,52,13:51:52
6,32,49,06:32:49
23,57,57,23:57:57
16,53,54,16:53:54
4,56,8,04:56:08
19,45,26,19:45:26
5,6,7,05:06:07
19,46,0,19:46:00
11,38,50,11:38:50
8,15,21,08:15:21
4,52,10,04:52:10
13,7,58,13:07:58
15,48,17,15:48:17
20,24,46,20:24:46
19,13,39,19:13:39
21,35,49,21:35:49
11,14,58,11:14:58
0,47,52,00:47:52
21,35,12,21:35:12
18,47,47,18:47:47
16,56,48,16:56:48
5,37,43,05:37:43
13,0,43,13:00:43
14,6,36,14:06:36
1,40,33,01:40:33
21,16,5,21:16:05
3,2,3,03:02:03
7,53,24,07:53:24
15,52,3,15:52:03
4,1,40,04:01:40
22,22,11,22:22:11
0,34,10,00:34:10
10,5,45,10:05:45
5,46,51,05:46:51
10,59,4,10:59:04
6,38,30,06:38:30
18,40,3,18:40:03
16,56,17,16:56:17
16,33,21,16:33:21
1,51,23,01:51:23
16,13,57,16:13:57
10,20,47,10:20:47
11,15,23,11:15:23
7,2,28,07:02:28
6,11,33,06:11:33
15,26,29,15:26:29
4,51,55,04:51:55
11,52,39,11:52:39
2,3,50,02:03:50
13,42,53,13:42:53
5,17,37,05:17:37
0,41,50,00:41:50
10,39,58,10:39:58
5,59,26,05:59:26
14,43,36,14:43:36
21,14,49,21:14:49
5,38,21,05:38:21
17,19,2,17:19:02
8,3,18,08:03:18
14,50,28,14:50:28
4,18,32,04:18:32
22,31,45,22:31:45
23,33,16,23:33:16
9,48,51,09:48:51
5,12,13,05:12:13
11,29,11,11:29:11
1,39,37,01:39:37
15,14,18,15:14:18
13,43,40,13:43:40
21,16,15,21:16:15
7,4,28,07:04:28
23,15,58,23:15:58
15,33,36,15:33:36
20,40,0,20:40:00
2,27,15,02:27:15
11,20,17,11:20:17
7,19,21,07:19:21
9,9,14,09:09:14
3,12,33,03:12:33
5,3,7,05:03:07
10,16,36,10:16:36
11,30,59,11:30:59
14,7,32,14:07:32
4,40,26,04:40:26
20,15,56,20:15:56
10,38,19,10:38:19
6,4,6,06:04:06
9,38,56,09:38:56
18,38,1,18:38:01
21,57,23,21:57:23
10,19,41,10:19:41
13,26,38,13:26:38
17,43,40,17:43:40
19,1,16,19:01:16
23,13,54,23:13:54
21,35,47,21:35:47
20,19,3,20:19:03
8,17,38,08:17:38
13,58,23,13:58:23
23,8,13,23:08:13
15,20,38,15:20:38
12,9,17,12:09:17
14,52,43,14:52:43
4,45,52,04:45:52
11,47,46,11:47:46
22,54,59,22:54:59
17,1,8,17:01:08
4,28,5,04:28:05
19,31,48,19:31:48
7,53,24,07:53:24
2,12,20,02:12:20
20,10,3,20:10:03
5,17,13,05:17:13
6,11,11,06:11:11
7,15,38,07:15:38
22,3,59,22:03:59
19,19,5,19:19:05
5,25,58,05:25:58
7,37,7,07:37:07
16,34,23,16:34:23
11,1,41,11:01:41
16,1,45,16:01:45
12,43,44,12:43:44
6,41,20,06:41:20
22,4,53,22:04:53
9,15,30,09:15:30
22,56,33,22:56:33
2,55,49,02:55:49
20,56,3,20:56:03
17,9,38,17:09:38
18,40,4,18:40:04
20,24,36,20:24:36
13,29,57,13:29:57
21,7,51,21:07:51
8,10,37,08:10:37
19,22,50,19:22:50
0,37,34,00:37:34
13,50,11,13:50:11
19,28,22,19:28:22
6,21,34,06:21:34
20,53,7,20:53:07
6,48,27,06:48:27
13,15,15,13:15:15
23,4,22,23:04:22
21,33,59,21:33:59
1,31,14,01:31:14
7,21,24,07:21:24
3,41,0,03:41:00
3,45,0,03:45:00
10,44,9,10:44:09
19,13,58,19:13:58
16,59,21,16:59:21
19,12,54,19:12:54
16,37,5,16:37:05
11,27,39,11:27:39
19,5,57,19:05:57
1,11,39,01:11:39
18,2,23,18:02:23
15,8,44,15:08:44
6,1,9,06:01:09
20,56,5,20:56:05
20,51,47,20:51:47
12,27,18,12:27:18
1,24,25,01:24:25
10,23,14,10:23:14
1,4,52,01:04:52
3,24,41,03:24:41
6,7,40,06:07:40
23,33,50,23:33:50
15,30,42,15:30:42
17,42,7,17:42:07
18,5,41,18:05:41
7,43,41,07:43:41
3,48,52,03:48:52
15,44,57,15:44:57
14,16,21,14:16:21
16,22,39,16:22:39
15,50,5,15:50:05
5,20,49,05:20:49
5,36,22,05:36:22
8,43,24,08:43:24
5,10,50,05:10:50
8,56,48,08:56:48
20,35,32,20:35:32
4,15,25,04:15:25
2,0,27,02:00:27
7,58,4,07:58:04
9,1,16,09:01:16
11,33,34,11:33:34
18,12,14,18:12:14
12,56,46,12:56:46
21,51,11,21:51:11
11,1,51,11:01:51
0,10,40,00:10:40
6,37,6,06:37:06
3,8,23,03:08:23
3,27,30,03:27:30
20,18,1,20:18:01
7,0,44,07:00:44
16,16,54,16:16:54
19,58,59,19:58:59
21,40,32,21:40:32
20,35,44,20:35:44
10,0,28,10:00:28
8,20,46,08:20:46
17,23,17,17:23:17
10,22,45,10:22:45
4,10,55,04:10:55
11,19,44,11:19:44
0,10,12,00:10:12
20,59,40,20:59:40
5,43,3,05:43:03
1,11,9,01:11:09
9,52,8,09:52:08
0,58,8,00:58:08
9,26,10,09:26:10
7,51,48,07:51:48
10,38,9,10:38:09
8,39,32,08:39:32
0,21,58,00:21:58
19,47,52,19:47:52
2,29,37,02:29:37
22,57,32,22:57:32
16,55,25,16:55:25
6,14,14,06:14:14
21,24,35,21:24:35
16,7,56,16:07:56
16,43,56,16:43:56
21,37,47,21:37:47
4,23,28,04:23:28
5,41,55,05:41:55
1,48,34,01:48:34
23,48,9,23:48:09
7,9,9,07:09:09
9,26,34,09:26:34
13,50,16,13:50:16
11,40,52,11:40:52
8,22,53,08:22:53
13,32,34,13:32:34
18,33,4,18:33:04
0,41,53,00:41:53
4,23,5,04:23:05
17,14,21,17:14:21
3,30,6,03:30:06
18,50,55,18:50:55
1,49,14,01:49:14
9,49,9,09:49:09
13,20,25,13:20:25
1,2,55,01:02:55
14,57,55,14:57:55
6,33,27,06:33:27
22,26,29,22:26:29
16,11,10,16:11:10
13,33,37,13:33:37
17,19,11,17:19:11
22,42,40,22:42:40
22,52,3,22:52:03
15,55,56,15:55:56
5,29,9,05:29:09
19,59,42,19:59:42
22,16,53,22:16:53
7,35,44,07:35:44
19,48,44,19:48:44
14,55,51,14:55:51
14,53,40,14:53:40
0,27,23,00:27:23
17,57,33,17:57:33
14,5,25,14:05:25
16,22,16,16:22:16
12,53,33,12:53:33
20,46,33,20:46:33
21,2,54,21:02:54
14,40,26,14:40:26
23,12,26,23:12:26
10,29,3,10:29:03
23,40,46,23:40:46
1,17,35,01:17:35
13,29,11,13:29:11
16,15,45,16:15:45
6,5,2,06:05:02
19,30,15,19:30:15
6,41,10,06:41:10
12,21,41,12:21:41
0,52,44,00:52:44
13,27,21,13:27:21
5,5,38,05:05:38
23,0,34,23:00:34
0,39,58,00:39:58
18,57,55,18:57:55
11,11,5,11:11:05
23,13,52,23:13:52
8,50,7,08:50:07
15,42,1,15:42:01
11,18,30,11:18:30
10,0,19,10:00:19
17,34,46,17:34:46
20,33,4,20:33:04
19,33,8,19:33:08
11,58,54,11:58:54
11,39,19,11:39:19
4,16,41,04:16:41
6,17,6,06:17:06
2,54,11,02:54:11
8,23,31,08:23:31
21,53,37,21:53:37
10,40,34,10:40:34
12,26,30,12:26:30
0,32,39,00:32:39
19,27,16,19:27:16
13,38,46,13:38:46
2,26,41,02:26:41
2,55,46,02:55:46
11,22,53,11:22:53
12,7,43,12:07:43
1,43,14,01:43:14
14,30,51,14:30:51
8,1,0,08:01:00
23,15,50,23:15:50
6,40,16,06:40:16
0,22,54,00:22:54
11,46,23,11:46:23
5,12,44,05:12:44
0,5,36,00:05:36
2,24,40,02:24:40
21,55,8,21:55:08
6,39,39,06:39:39
17,49,0,17:49:00
16,47,3,16:47:03
22,58,31,22:58:31
17,53,6,17:53:06
5,16,38,05:16:38
2,35,41,02:35:41
14,13,24,14:13:24
19,46,56,19:46:56
11,12,52,11:12:52
20,15,35,20:15:35
15,23,29,15:23:29
14,54,48,14:54:48
17,19,33,17:19:33
20,17,52,20:17:52
18,58,36,18:58:36
9,38,41,09:38:41
23,25,47,23:25:47
18,30,17,18:30:17
23,23,5,23:23:05
1,54,16,01:54:16
18,3,6,18:03:06
21,23,21,21:23:21
9,6,26,09:06:26
0,59,30,00:59:30
16,9,29,16:09:29
12,24,29,12:24:29
18,59,59,18:59:59
7,49,55,07:49:55
11,19,52,11:19:52
20,27,12,20:27:12
13,19,36,13:19:36
19,40,24,19:40:24
2,19,38,02:19:38
14,35,43,14:35:43
15,43,5,15:43:05
15,40,32,15:40:32
22,18,32,22:18:32
12,56,31,12:56:31
21,9,8,21:09:08
9,58,52,09:58:52
3,14,8,03:14:08
15,29,46,15:29:46
18,14,29,18:14:29
12,46,24,12:46:24
22,47,36,22:47:36
17,15,8,17:15:08
13,42,15,13:42:15
0,6,1,00:06:01
0,2,50,00:02:50
11,47,24,11:47:24
20,54,16,20:54:16
6,49,4,06:49:04
16,21,51,16:21:51
18,44,30,18:44:30
22,7,35,22:07:35
10,50,23,10:50:23
19,50,10,19:50:10
0,56,35,00:56:35
18,54,14,18:54:14
12,27,31,12:27:31
22,41,14,22:41:14
18,59,18,18:59:18
10,47,30,10:47:30
8,10,4,08:10:04
7,0,43,07:00:43
7,4,18,07:04:18
20,16,32,20:16:32
18,20,37,18:20:37
11,46,40,11:46:40
18,33,41,18:33:41
8,13,8,08:13:08
11,34,29,11:34:29
4,11,17,04:11:17
12,34,8,12:34:08
23,12,58,23:12:58
23,45,40,23:45:40
9,38,17,09:38:17
2,4,21,02:04:21
21,13,32,21:13:32
13,48,55,13:48:55
9,32,33,09:32:33
0,50,29,00:50:29
7,4,0,07:04:00
3,32,30,03:32:30
3,45,7,03:45:07
4,10,30,04:10:30
5,55,5,05:55:05
16,6,11,16:06:11
11,22,59,11:22:59
17,4,7,17:04:07
3,41,7,03:41:07
9,15,41,09:15:41
19,16,16,19:16:16
21,18,27,21:18:27
7,56,29,07:56:29
19,30,41,19:30:41
0,30,34,00:30:34
5,27,0,05:27:00
18,5,23,18:05:23
19,53,10,19:53:10
3,15,45,03:15:45
14,22,54,14:22:54
12,36,18,12:36:18
16,52,22,16:52:22
1,8,29,01:08:29
0,14,52,00:14:52
2,13,56,02:13:56
11,42,4,11:42:04
1,11,50,01:11:50
22,17,42,22:17:42
9,38,29,09:38:29
9,52,59,09:52:59
22,35,37,22:35:37
20,35,42,20:35:42
2,48,50,02:48:50
16,16,56,16:16:56
19,2,5,19:02:05
21,35,53,21:35:53
12,48,20,12:48:20
3,57,39,03:57:39
12,38,28,12:38:28
5,34,53,05:34:53
15,56,13,15:56:13
10,5,21,10:05:21
4,54,35,04:54:35
1,38,22,01:38:22
9,22,40,09:22:40
11,13,18,11:13:18
13,3,20,13:03:20
20,29,28,20:29:28
17,11,31,17:11:31
22,56,15,22:56:15
8,46,28,08:46:28
5,57,15,05:57:15
15,54,10,15:54:10
0,29,52,00:29:52
12,18,56,12:18:56
19,49,7,19:49:07
22,54,24,22:54:24
1,20,31,01:20:31
10,18,36,10:18:36
6,18,10,06:18:10
3,48,4,03:48:04
17,7,13,17:07:13
4,54,7,04:54:07
21,38,39,21:38:39
8,26,11,08:26:11
14,13,33,14:13:33
18,59,58,18:59:58
12,27,7,12:27:07
19,27,13,19:27:13
6,35,42,06:35:42
2,50,25,02:50:25
19,53,23,19:53:23
18,40,42,18:40:42
3,56,44,03:56:44
18,14,43,18:14:43
18,56,14,18:56:14
9,2,40,09:02:40
18,8,54,18:08:54
1,27,42,01:27:42
17,9,37,17:09:37
20,20,11,20:20:11
10,44,14,10:44:14
15,1,21,15:01:21
0,47,25,00:47:25
17,55,16,17:55:16
1,24,41,01:24:41
2,17,3,02:17:03
16,37,18,16:37:18
5,57,49,05:57:49
11,0,4,11:00:04
7,50,37,07:50:37
16,51,52,16:51:52
2,42,50,02:42:50
19,57,43,19:57:43
4,51,2,04:51:02
20,35,28,20:35:28
19,48,30,19:48:30
22,37,18,22:37:18
15,12,21,15:12:21
10,7,1,10:07:01
18,20,9,18:20:09
9,36,33,09:36:33
8,37,43,08:37:43
5,15,37,05:15:37
10,57,4,10:57:04
7,46,31,07:46:31
13,39,22,13:39:22
4,40,1,04:40:01
11,19,11,11:19:11
8,21,20,08:21:20
11,22,34,11:22:34
10,36,58,10:36:58
20,20,24,20:20:24
22,47,1,22:47:01
16,12,58,16:12:58
0,35,38,00:35:38
8,22,53,08:22:53
6,11,47,06:11:47
15,28,27,15:28:27
14,25,18,14:25:18
9,33,32,09:33:32
20,15,42,20:15:42
18,45,4,18:45:04
20,4,39,20:04:39
14,49,19,14:49:19
3,10,31,03:10:31
13,18,18,13:18:18
0,27,11,00:27:11
9,12,59,09:12:59
22,44,49,22:44:49
7,57,5,07:57:05
1,59,21,01:59:21
17,45,3,17:45:03
8,53,28,08:53:28
0,34,50,00:34:50
0,51,12,00:51:12
23,26,20,23:26:20
20,58,46,20:58:46
7,22,28,07:22:28
3,41,6,03:41:06
22,14,14,22:14:14
5,57,18,05:57:18
4,14,26,04:14:26
20,58,40,20:58:40
23,13,45,23:13:45
5,34,55,05:34:55
8,31,3,08:31:03
12,54,26,12:54:26
20,31,45,20:31:45
1,18,23,01:18:23
20,17,59,20:17:59
6,3,23,06:03:23
16,33,47,16:33:47
20,17,5,20:17:05
15,40,37,15:40:37
22,39,17,22:39:17
21,32,18,21:32:18
5,44,29,05:44:29
15,17,46,15:17:46
16,19,22,16:19:22
16,56,0,16:56:00
2,3,45,02:03:45
19,49,57,19:49:57
8,27,48,08:27:48
18,19,56,18:19:56
23,2,26,23:02:26
18,10,50,18:10:50
13,57,32,13:57:32
4,52,31,04:52:31
21,19,45,21:19:45
4,59,1,04:59:01
21,20,31,21:20:31
13,49,44,13:49:44
16,59,50,16:59:50
20,29,6,20:29:06
1,3,43,01:03:43
13,22,42,13:22:42
3,51,19,03:51:19
23,54,40,23:54:40
12,24,3,12:24:03
17,35,50,17:35:50
13,59,28,13:59:28
8,55,31,08:55:31
2,39,12,02:39:12
9,25,28,09:25:28
19,20,37,19:20:37
20,58,42,20:58:42
2,43,1,02:43:01
7,5,37,07:05:37
6,20,52,06:20:52
9,48,31,09:48:31
14,15,30,14:15:30
17,5,12,17:05:12
20,48,24,20:48:24
8,15,7,08:15:07
0,54,28,00:54:28
12,35,14,12:35:14
12,21,24,12:21:24
17,51,46,17:51:46
19,51,49,19:51:49
22,30,21,22:30:21
22,57,42,22:57:42
11,36,59,11:36:59
20,19,58,20:19:58
0,56,17,00:56:17
13,17,6,13:17:06
5,47,42,05:47:42
6,37,6,06:37:06
6,52,40,06:52:40
18,48,36,18:48:36
12,51,11,12:51:11
18,18,9,18:18:09
9,19,0,09:19:00
9,5,3,09:05:03
20,46,9,20:46:09
3,28,48,03:28:48
21,45,49,21:45:49
11,27,47,11:27:47
13,44,15,13:44:15
1,46,31,01:46:31
20,5,52,20:05:52
9,1,13,09:01:13
7,51,16,07:51:16
2,58,36,02:58:36
19,15,8,19:15:08
22,53,17,22:53:17
14,20,33,14:20:33
23,16,15,23:16:15
21,4,57,21:04:57
12,19,59,12:19:59
2,9,49,02:09:49
19,1,35,19:01:35
7,59,25,07:59:25
6,29,3,06:29:03
22,5,43,22:05:43
9,58,51,09:58:51
8,32,40,08:32:40
14,53,8,14:53:08
15,46,38,15:46:38
22,13,24,22:13:24
5,8,21,05:08:21
7,10,2,07:10:02
3,6,1,03:06:01
15,51,53,15:51:53
2,25,37,02:25:37
9,44,34,09:44:34
21,18,54,21:18:54
1,12,3,01:12:03
20,3,44,20:03:44
13,51,17,13:51:17
20,31,6,20:31:06
18,58,18,18:58:18
20,15,24,20:15:24
20,23,1,20:23:01
5,32,25,05:32:25
17,2,55,17:02:55
12,8,19,12:08:19
6,22,13,06:22:13
21,8,24,21:08:24
4,16,50,04:16:50
1,0,33,01:00:33
5,4,10,05:04:10
9,0,38,09:00:38
20,45,15,20:45:15
2,22,59,02:22:59
16,36,26,16:36:26
21,54,46,21:54:46
14,47,46,14:47:46
17,22,12,17:22:12
2,36,40,02:36:40
5,49,27,05:49:27
2,38,53,02:38:53
4,23,58,04:23:58
10,27,26,10:27:26
6,8,4,06:08:04
9,4,36,09:04:36
2,36,49,02:36:49
2,1,52,02:01:52
19,18,21,19:18:21
23,41,35,23:41:35
11,16,21,11:16:21
8,27,17,08:27:17
22,35,32,22:35:32
17,21,47,17:21:47
7,58,16,07:58:16
21,33,25,21:33:25
12,49,53,12:49:53
16,26,22,16:26:22
16,42,3,16:42:03
16,45,52,16:45:52
16,10,27,16:10:27
17,47,43,17:47:43
2,15,45,02:15:45
19,30,29,19:30:29
14,27,23,14:27:23
16,57,20,16:57:20
9,34,29,09:34:29
11,16,16,11:16:16
19,16,44,19:16:44
1,57,30,01:57:30
17,21,44,17:21:44
0,44,5,00:44:05
11,25,48,11:25:48
10,50,30,10:50:30
14,11,14,14:11:14
6,38,25,06:38:25
4,16,50,04:16:50
12,55,5,12:55:05
2,20,23,02:20:23
11,32,32,11:32:32
19,12,46,19:12:46
8,35,2,08:35:02
1,6,39,01:06:39
11,22,3,11:22:03
1,8,20,01:08:20
7,1,39,07:01:39
9,10,7,09:10:07
19,21,59,19:21:59
21,41,57,21:41:57
13,25,28,13:25:28
11,8,21,11:08:21
9,36,55,09:36:55
2,3,24,02:03:24
3,29,49,03:29:49
13,20,43,13:20:43
3,37,7,03:37:07
6,49,44,06:49:44
14,20,32,14:20:32
15,32,30,15:32:30
22,6,36,22:06:36
0,48,34,00:48:34
5,14,21,05:14:21
6,48,12,06:48:12
21,55,32,21:55:32
17,39,20,17:39:20
18,51,31,18:51:31
5,44,30,05:44:30
10,48,6,10:48:06
8,31,53,08:31:53
4,37,1,04:37:01
18,55,0,18:55:00
11,1,7,11:01:07
2,42,56,02:42:56
15,55,25,15:55:25
4,17,44,04:17:44
9,33,3,09:33:03
20,28,24,20:28:24
10,33,17,10:33:17
17,11,32,17:11:32
22,47,34,22:47:34
0,32,49,00:32:49
21,45,3,21:45:03
1,21,0,01:21:00
7,26,36,07:26:36
10,36,7,10:36:07
20,2,35,20:02:35
22,39,33,22:39:33
14,24,1,14:24:01
11,1,48,11:01:48
2,42,44,02:42:44
16,25,39,16:25:39
3,15,45,03:15:45
3,48,44,03:48:44
8,39,12,08:39:12
19,38,27,19:38:27
1,11,10,01:11:10
18,2,56,18:02:56
9,18,36,09:18:36
21,36,9,21:36:09
5,35,32,05:35:32
5,58,1,05:58:01
21,37,47,21:37:47
2,49,40,02:49:40
1,7,57,01:07:57
13,43,31,13:43:31
15,39,30,15:39:30
5,20,47,05:20:47
7,18,23,07:18:23
8,13,34,08:13:34
22,1,35,22:01:35
23,22,38,23:22:38
12,46,15,12:46:15
9,13,33,09:13:33
17,21,5,17:21:05
4,46,34,04:46:34
17,47,19,17:47:19
19,23,54,19:23:54
6,49,34,06:49:34
4,21,21,04:21:21
8,47,9,08:47:09
5,11,8,05:11:08
7,56,35,07:56:35
22,56,40,22:56:40
20,5,34,20:05:34
12,0,21,12:00:21
7,8,48,07:08:48
4,17,56,04:17:56
23,39,11,23:39:11
4,5,5,04:05:05
7,53,24,07:53:24
18,58,57,18:58:57
11,8,9,11:08:09
17,1,9,17:01:09
0,36,40,00:36:40
18,8,38,18:08:38
1,56,50,01:56:50
1,48,5,01:48:05
6,43,53,06:43:53
6,49,0,06:49:00
8,24,47,08:24:47
11,19,31,11:19:31
3,25,8,03:25:08
0,1,24,00:01:24
18,6,15,18:06:15
15,13,58,15:13:58
4,33,54,04:33:54
6,43,20,06:43:20
19,18,9,19:18:09
5,55,32,05:55:32
10,20,48,10:20:48
16,27,5,16:27:05
1,6,21,01:06:21
20,19,19,20:19:19
4,24,40,04:24:40
2,54,59,02:54:59
14,20,9,14:20:09
18,40,30,18:40:30
19,6,29,19:06:29
7,34,58,07:34:58
7,31,48,07:31:48
11,6,3,11:06:03
18,32,9,18:32:09
0,46,9,00:46:09
10,33,3,10:33:03
17,33,39,17:33:39
6,59,12,06:59:12
17,33,17,17:33:17
14,2,18,14:02:18
22,43,45,22:43:45
23,21,41,23:21:41
21,21,17,21:21:17
1,31,39,01:31:39
4,35,3,04:35:03
14,49,16,14:49:16
22,34,25,22:34:25
2,14,5,02:14:05
6,48,1,06:48:01
5,26,1,05:26:01
22,58,20,22:58:20
5,39,18,05:39:18
5,17,52,05:17:52
16,33,18,16:33:18
21,0,26,21:00:26
11,38,15,11:38:15
12,13,58,12:13:58
1,0,50,01:00:50
20,9,41,20:09:41
8,11,59,08:11:59
20,43,11,20:43:11
14,50,23,14:50:23
0,47,0,00:47:00
18,38,5,18:38:05
4,25,55,04:25:55
5,34,19,05:34:19
16,43,36,16:43:36
22,24,52,22:24:52
5,7,56,05:07:56
10,35,18,10:35:18
1,24,32,01:24:32
0,23,24,00:23:24
14,8,32,14:08:32
5,28,6,05:28:06
5,7,24,05:07:24
7,34,34,07:34:34
11,29,0,11:29:00
13,59,13,13:59:13
19,29,8,19:29:08
16,33,13,16:33:13
0,29,9,00:29:09
21,17,37,21:17:37
22,3,55,22:03:55
18,15,3,18:15:03
20,59,22,20:59:22
7,20,43,07:20:43
1,10,20,01:10:20
23,34,43,23:34:43
22,28,3,22:28:03
11,42,57,11:42:57
2,0,3,02:00:03
11,44,5,11:44:05
7,31,26,07:31:26
16,43,45,16:43:45
16,16,14,16:16:14
2,30,56,02:30:56
0,17,52,00:17:52
12,53,9,12:53:09
1,13,59,01:13:59
11,38,13,11:38:13
9,20,2,09:20:02
8,39,31,08:39:31
22,49,59,22:49:59
8,24,33,08:24:33
1,6,28,01:06:28
4,39,25,04:39:25
21,27,43,21:27:43
10,38,12,10:38:12
11,36,48,11:36:48
5,57,35,05:57:35
9,20,12,09:20:12
2,15,15,02:15:15
9,3,46,09:03:46
18,17,3,18:17:03
6,39,13,06:39:13
16,10,36,16:10:36
20,21,8,20:21:08
5,2,4,05:02:04
0,29,25,00:29:25
12,19,36,12:19:36
6,27,8,06:27:08
4,31,44,04:31:44
17,59,19,17:59:19
15,13,54,15:13:54
6,32,29,06:32:29
5,29,37,05:29:37
1,3,49,01:03:49
17,53,55,17:53:55
19,37,59,19:37:59
21,51,12,21:51:12
4,58,55,04:58:55
11,0,5,11:00:05
16,53,47,16:53:47
8,11,49,08:11:49
3,2,50,03:02:50
16,7,8,16:07:08
14,45,5,14:45:05
6,58,43,06:58:43
7,2,16,07:02:16
2,3,54,02:03:54
21,6,40,21:06:40
19,8,2,19:08:02
22,46,55,22:46:55
4,52,21,04:52:21
1,32,48,01:32:48
12,0,24,12:00:24
2,49,8,02:49:08
3,5,34,03:05:34
17,7,27,17:07:27
9,17,31,09:17:31
23,1,7,23:01:07
20,56,19,20:56:19
1,50,31,01:50:31
15,8,18,15:08:18
0,21,32,00:21:32
23,30,2,23:30:02
22,51,19,22:51:19
18,21,19,18:21:19
12,53,40,12:53:40
13,35,5,13:35:05
21,37,28,21:37:28
18,23,6,18:23:06
2,25,48,02:25:48
4,39,15,04:39:15
1,8,40,01:08:40
11,42,4,11:42:04
0,29,33,00:29:33
19,13,33,19:13:33
23,41,25,23:41:25
16,31,19,16:31:19
5,59,2,05:59:02
16,1,27,16:01:27
8,18,28,08:18:28
10,23,36,10:23:36
20,3,28,20:03:28
12,54,24,12:54:24
18,27,20,18:27:20
8,12,47,08:12:47
8,23,31,08:23:31
19,16,54,19:16:54
21,3,33,21:03:33
14,28,29,14:28:29
16,54,20,16:54:20
16,30,22,16:30:22
18,32,40,18:32:40
18,19,55,18:19:55
18,38,56,18:38:56
14,31,50,14:31:50
2,21,22,02:21:22
9,27,2,09:27:02
8,2,30,08:02:30
10,47,42,10:47:42
1,2,13,01:02:13
12,52,57,12:52:57
12,55,54,12:55:54
22,31,6,22:31:06
20,7,27,20:07:27
21,30,23,21:30:23
13,56,15,13:56:15
19,57,35,19:57:35
14,59,12,14:59:12
18,28,3,18:28:03
1,42,4,01:42:04
15,15,18,15:15:18
18,51,13,18:51:13
7,45,49,07:45:49
6,0,11,06:00:11
9,48,38,09:48:38
16,33,17,16:33:17
5,7,50,05:07:50
1,7,3,01:07:03
15,20,16,15:20:16
12,14,21,12:14:21
4,23,53,04:23:53
23,56,17,23:56:17
0,37,13,00:37:13
9,42,1,09:42:01
10,34,25,10:34:25
4,19,11,04:19:11
16,56,18,16:56:18
18,38,46,18:38:46
8,38,22,08:38:22
22,21,40,22:21:40
14,32,0,14:32:00
5,48,7,05:48:07
14,47,39,14:47:39
17,23,53,17:23:53
9,55,16,09:55:16
11,2,12,11:02:12
7,10,28,07:10:28
2,33,28,02:33:28
21,8,59,21:08:59
8,52,39,08:52:39
20,4,1,20:04:01
9,22,51,09:22:51
1,24,48,01:24:48
3,52,37,03:52:37
4,36,41,04:36:41
22,52,44,22:52:44
0,35,9,00:35:09
21,17,56,21:17:56
1,21,47,01:21:47
0,37,45,00:37:45
22,2,29,22:02:29
3,13,7,03:13:07
9,28,43,09:28:43
18,34,2,18:34:02
13,4,8,13:04:08
18,19,23,18:19:23
8,22,46,08:22:46
8,35,23,08:35:23
19,18,1,19:18:01
19,2,8,19:02:08
0,26,11,00:26:11
4,46,30,04:46:30
12,33,37,12:33:37
10,19,1,10:19:01
11,5,39,11:05:39
6,29,55,06:29:55
10,55,16,10:55:16
23,59,40,23:59:40
10,10,33,10:10:33
5,3,15,05:03:15
5,9,46,05:09:46
19,28,21,19:28:21
18,32,50,18:32:50
18,15,25,18:15:25
13,45,3,13:45:03
4,27,52,04:27:52
14,9,12,14:09:12
19,35,2,19:35:02
6,51,38,06:51:38
0,39,8,00:39:08
7,0,20,07:00:20
18,55,36,18:55:36
16,53,30,16:53:30
1,35,51,01:35:51
2,6,1,02:06:01
22,41,52,22:41:52
17,32,23,17:32:23
16,20,48,16:20:48
10,54,19,10:54:19
12,43,58,12:43:58
18,28,35,18:28:35
0,22,5,00:22:05
5,57,5,05:57:05
3,45,15,03:45:15
13,50,43,13:50:43
9,54,40,09:54:40
6,43,30,06:43:30
13,51,24,13:51:24
17,43,43,17:43:43
6,7,44,06:07:44
19,12,45,19:12:45
17,5,32,17:05:32
18,47,39,18:47:39
8,15,27,08:15:27
11,50,2,11:50:02
23,45,26,23:45:26
18,9,36,18:09:36
13,52,3,13:52:03
9,26,22,09:26:22
8,41,10,08:41:10
13,45,15,13:45:15
5,1,3,05:01:03
10,8,16,10:08:16
7,12,23,07:12:23
9,3,34,09:03:34
12,17,55,12:17:55
15,48,48,15:48:48
14,34,26,14:34:26
23,12,22,23:12:22
10,43,45,10:43:45
11,56,43,11:56:43
20,16,42,20:16:42
7,19,52,07:19:52
19,29,28,19:29:28
10,8,48,10:08:48
17,8,25,17:08:25
11,55,47,11:55:47
9,51,45,09:51:45
9,20,47,09:20:47
15,11,15,15:11:15
7,14,36,07:14:36
2,57,53,02:57:53
0,36,54,00:36:54
12,53,19,12:53:19
1,26,30,01:26:30
5,50,10,05:50:10
9,30,38,09:30:38
10,1,38,10:01:38
23,6,8,23:06:08
20,0,15,20:00:15
14,14,3,14:14:03
17,59,51,17:59:51
7,17,32,07:17:32
17,6,25,17:06:25
20,7,8,20:07:08
20,13,38,20:13:38
21,48,29,21:48:29
3,39,10,03:39:10
17,59,59,17:59:59
11,48,52,11:48:52
9,7,28,09:07:28
0,52,59,00:52:59
12,23,26,12:23:26
3,12,44,03:12:44
2,48,23,02:48:23
22,46,37,22:46:37
8,10,8,08:10:08
0,43,11,00:43:11
23,55,43,23:55:43
1,50,56,01:50:56
16,22,29,16:22:29
9,50,11,09:50:11
18,40,15,18:40:15
18,14,39,18:14:39
10,26,41,10:26:41
16,56,2,16:56:02
17,58,50,17:58:50
1,18,3,01:18:03
20,21,32,20:21:32
9,29,31,09:29:31
7,52,36,07:52:36
4,46,7,04:46:07
3,1,50,03:01:50
13,5,4,13:05:04
5,39,44,05:39:44
22,12,0,22:12:00
20,32,34,20:32:34
11,4,4,11:04:04
11,14,24,11:14:24
20,28,38,20:28:38
11,21,1,11:21:01
4,46,36,04:46:36
14,0,14,14:00:14
21,10,39,21:10:39
4,40,42,04:40:42
3,37,39,03:37:39
20,55,58,20:55:58
1,25,53,01:25:53
16,9,3,16:09:03
3,43,34,03:43:34
20,27,26,20:27:26
18,1,25,18:01:25
11,27,37,11:27:37
18,39,45,18:39:45
22,11,40,22:11:40
14,46,35,14:46:35
14,14,51,14:14:51
3,52,7,03:52:07
4,7,49,04:07:49
10,33,53,10:33:53
0,29,50,00:29:50
8,5,15,08:05:15
1,36,4,01:36:04
20,35,20,20:35:20
4,1,13,04:01:13
13,1,1,13:01:01
7,14,22,07:14:22
22,45,55,22:45:55
21,13,11,21:13:11
20,13,51,20:13:51
19,25,32,19:25:32
17,29,13,17:29:13
13,12,57,13:12:57
18,46,28,18:46:28
9,25,6,09:25:06
22,45,25,22:45:25
4,56,39,04:56:39
0,25,36,00:25:36
0,13,58,00:13:58
22,37,31,22:37:31
8,49,57,08:49:57
9,57,10,09:57:10
14,12,51,14:12:51
2,45,59,02:45:59
21,41,54,21:41:54
22,44,53,22:44:53
14,4,15,14:04:15
19,30,9,19:30:09
12,28,38,12:28:38
21,58,19,21:58:19
19,42,26,19:42:26
8,56,36,08:56:36
20,50,8,20:50:08
18,4,17,18:04:17
20,32,51,20:32:51
16,22,21,16:22:21
12,12,27,12:12:27
10,13,18,10:13:18
15,9,24,15:09:24
1,59,35,01:59:35
5,17,46,05:17:46
9,16,35,09:16:35
6,2,40,06:02:40
11,13,49,11:13:49
3,35,59,03:35:59
2,41,43,02:41:43
15,33,18,15:33:18
9,37,35,09:37:35
8,46,32,08:46:32
16,14,2,16:14:02
5,23,57,05:23:57
10,34,58,10:34:58
10,58,55,10:58:55
1,18,37,01:18:37
13,43,28,13:43:28
11,11,45,11:11:45
2,26,34,02:26:34
16,21,41,16:21:41
5,36,2,05:36:02
13,51,50,13:51:50
5,54,40,05:54:40
16,30,35,16:30:35
4,2,43,04:02:43
16,35,57,16:35:57
14,6,14,14:06:14
13,24,49,13:24:49
23,48,6,23:48:06
3,20,43,03:20:43
21,45,51,21:45:51
13,34,3,13:34:03
15,32,2,15:32:02
13,3,37,13:03:37
7,15,52,07:15:52
21,13,53,21:13:53
9,32,49,09:32:49
0,23,9,00:23:09
14,30,37,14:30:37
19,51,39,19:51:39
0,7,6,00:07:06
22,7,10,22:07:10
9,20,15,09:20:15
1,45,47,01:45:47
11,6,43,11:06:43
21,45,11,21:45:11
13,27,28,13:27:28
3,45,50,03:45:50
21,6,10,21:06:10
6,41,27,06:41:27
22,29,2,22:29:02
19,56,45,19:56:45
21,53,40,21:53:40
19,30,51,19:30:51
1,9,45,01:09:45
23,9,1,23:09:01
16,12,54,16:12:54
16,17,7,16:17:07
11,19,58,11:19:58
2,58,53,02:58:53
16,52,36,16:52:36
11,44,15,11:44:15
12,24,18,12:24:18
21,48,59,21:48:59
15,35,32,15:35:32
11,42,25,11:42:25
3,14,27,03:14:27
2,0,29,02:00:29
18,58,37,18:58:37
12,9,29,12:09:29
7,52,1,07:52:01
0,31,22,00:31:22
19,17,40,19:17:40
20,26,13,20:26:13
5,59,41,05:59:41
22,28,39,22:28:39
4,1,6,04:01:06
1,16,14,01:16:14
14,26,35,14:26:35
2,19,49,02:19:49
4,7,2,04:07:02
8,45,23,08:45:23
8,43,46,08:43:46
9,13,19,09:13:19
8,26,26,08:26:26
14,8,33,14:08:33
6,57,48,06:57:48
16,55,43,16:55:43
23,53,16,23:53:16
10,44,47,10:44:47
14,19,37,14:19:37
5,23,4,05:23:04
1,35,7,01:35:07
16,50,9,16:50:09
1,39,49,01:39:49
12,55,23,12:55:23
1,36,33,01:36:33
7,50,46,07:50:46
5,30,22,05:30:22
23,30,55,23:30:55
5,28,45,05:28:45
23,37,41,23:37:41
1,36,33,01:36:33
2,38,19,02:38:19
11,38,39,11:38:39
11,57,46,11:57:46
0,13,32,00:13:32
8,8,51,08:08:51
13,45,21,13:45:21
20,23,4,20:23:04
22,34,4,22:34:04
23,47,9,23:47:09
17,32,31,17:32:31
19,56,38,19:56:38
23,44,50,23:44:50
13,50,38,13:50:38
22,11,46,22:11:46
15,6,7,15:06:07
10,59,6,10:59:06
18,58,19,18:58:19
19,6,23,19:06:23
4,37,32,04:37:32
14,55,21,14:55:21
6,31,21,06:31:21
10,58,17,10:58:17
0,33,26,00:33:26
22,13,51,22:13:51
22,10,4,22:10:04
16,11,7,16:11:07
2,24,12,02:24:12
5,58,38,05:58:38
11,45,19,11:45:19
15,11,27,15:11:27
11,17,5,11:17:05
23,5,15,23:05:15
3,15,29,03:15:29
5,14,12,05:14:12
20,20,8,20:20:08
11,45,40,11:45:40
0,33,54,00:33:54
10,2,54,10:02:54
19,13,16,19:13:16
0,26,43,00:26:43
6,24,56,06:24:56
13,19,13,13:19:13
21,31,29,21:31:29
3,57,20,03:57:20
22,9,9,22:09:09
10,31,15,10:31:15
16,22,9,16:22:09
2,15,32,02:15:32
18,8,43,18:08:43
22,2,28,22:02:28
5,31,23,05:31:23
20,40,27,20:40:27
2,38,52,02:38:52
11,43,2,11:43:02
10,29,30,10:29:30
22,28,24,22:28:24
4,8,57,04:08:57
14,29,43,14:29:43
13,16,34,13:16:34
22,34,49,22:34:49
21,45,40,21:45:40
9,7,30,09:07:30
5,20,0,05:20:00
0,10,52,00:10:52
2,52,30,02:52:30
18,8,47,18:08:47
1,43,46,01:43:46
1,49,34,01:49:34
11,40,14,11:40:14
15,45,57,15:45:57
13,59,16,13:59:16
19,29,38,19:29:38
5,3,0,05:03:00
21,35,26,21:35:26
21,10,0,21:10:00
2,22,27,02:22:27
15,58,15,15:58:15
23,59,58,23:59:58
19,58,29,19:58:29
18,0,25,18:00:25
7,5,54,07:05:54
11,59,35,11:59:35
1,20,29,01:20:29
13,41,14,13:41:14
19,40,6,19:40:06
17,51,40,17:51:40
13,49,48,13:49:48
19,20,31,19:20:31
2,18,47,02:18:47
3,18,12,03:18:12
8,9,54,08:09:54
1,16,3,01:16:03
19,7,12,19:07:12
12,14,4,12:14:04
12,58,42,12:58:42
1,41,19,01:41:19
23,52,26,23:52:26
22,35,6,22:35:06
6,59,35,06:59:35
13,2,8,13:02:08
16,21,51,16:21:51
18,38,31,18:38:31
1,3,45,01:03:45
19,38,36,19:38:36
11,15,35,11:15:35
19,34,32,19:34:32
1,57,32,01:57:32
12,58,46,12:58:46
0,18,25,00:18:25
3,57,3,03:57:03
1,16,25,01:16:25
21,32,7,21:32:07
14,57,43,14:57:43
20,41,22,20:41:22
16,6,17,16:06:17
3,19,22,03:19:22
9,0,52,09:00:52
0,53,20,00:53:20
22,51,23,22:51:23
22,55,25,22:55:25
14,47,5,14:47:05
14,25,9,14:25:09
16,3,17,16:03:17
18,42,42,18:42:42
0,17,3,00:17:03
19,3,30,19:03:30
0,43,39,00:43:39
17,57,19,17:57:19
9,39,42,09:39:42
12,0,47,12:00:47
12,1,16,12:01:16
13,9,45,13:09:45
0,21,24,00:21:24
4,20,40,04:20:40
2,42,36,02:42:36
21,21,16,21:21:16
17,30,24,17:30:24
22,10,30,22:10:30
15,55,7,15:55:07
21,9,34,21:09:34
0,5,18,00:05:18
7,1,9,07:01:09
23,30,2,23:30:02
22,53,37,22:53:37
22,58,21,22:58:21
2,33,38,02:33:38
0,41,35,00:41:35
16,23,30,16:23:30
21,3,29,21:03:29
12,45,19,12:45:19
2,39,40,02:39:40
11,44,29,11:44:29
12,38,52,12:38:52
7,20,27,07:20:27
20,28,34,20:28:34
10,13,50,10:13:50
0,32,3,00:32:03
17,45,0,17:45:00
23,20,5,23:20:05
19,8,41,19:08:41
9,59,34,09:59:34
8,13,1,08:13:01
6,4,52,06:04:52
18,43,42,18:43:42
22,36,20,22:36:20
2,48,49,02:48:49
9,2,45,09:02:45
7,7,18,07:07:18
17,16,4,17:16:04
17,21,0,17:21:00
9,53,49,09:53:49
0,30,36,00:30:36
18,25,56,18:25:56
1,48,20,01:48:20
22,6,11,22:06:11
14,50,0,14:50:00
13,42,32,13:42:32
13,38,41,13:38:41
16,54,32,16:54:32
3,35,29,03:35:29
16,48,3,16:48:03
12,15,56,12:15:56
18,10,57,18:10:57
4,31,15,04:31:15
9,15,51,09:15:51
21,16,13,21:16:13
9,14,7,09:14:07
18,35,55,18:35:55
21,13,45,21:13:45
6,18,11,06:18:11
2,56,18,02:56:18
23,12,52,23:12:52
23,1,54,23:01:54
18,32,53,18:32:53
8,11,58,08:11:58
22,58,47,22:58:47
20,43,51,20:43:51
22,46,59,22:46:59
8,47,35,08:47:35
21,47,7,21:47:07
0,21,26,00:21:26
22,57,43,22:57:43
1,29,50,01:29:50
1,35,50,01:35:50
0,42,29,00:42:29
2,7,5,02:07:05
21,24,3,21:24:03
21,13,21,21:13:21
10,0,38,10:00:38
2,17,40,02:17:40
12,42,23,12:42:23
17,32,10,17:32:10
11,38,7,11:38:07
0,27,2,00:27:02
7,47,59,07:47:59
5,57,27,05:57:27
23,20,36,23:20:36
16,58,1,16:58:01
21,32,15,21:32:15
18,37,49,18:37:49
15,6,13,15:06:13
3,56,11,03:56:11
3,35,37,03:35:37
19,21,25,19:21:25
6,12,24,06:12:24
2,24,48,02:24:48
8,0,1,08:00:01
14,37,54,14:37:54
0,56,5,00:56:05
9,20,50,09:20:50
20,29,17,20:29:17
17,47,51,17:47:51
21,49,9,21:49:09
21,31,56,21:31:56
8,6,25,08:06:25
14,18,18,14:18:18
22,30,1,22:30:01
15,20,24,15:20:24
8,36,27,08:36:27
4,10,29,04:10:29
8,44,41,08:44:41
21,14,55,21:14:55
15,39,12,15:39:12
2,11,30,02:11:30
6,4,10,06:04:10
21,29,59,21:29:59
4,27,7,04:27:07
1,33,20,01:33:20
16,59,17,16:59:17
8,58,3,08:58:03
18,20,45,18:20:45
5,34,18,05:34:18
11,49,42,11:49:42
22,30,29,22:30:29
5,49,58,05:49:58
1,11,43,01:11:43
4,15,18,04:15:18
5,28,43,05:28:43
2,39,48,02:39:48
8,42,22,08:42:22
23,46,51,23:46:51
17,36,42,17:36:42
14,21,9,14:21:09
10,16,25,10:16:25
9,56,19,09:56:19
10,32,33,10:32:33
11,15,43,11:15:43
1,56,4,01:56:04
9,58,47,09:58:47
13,52,51,13:52:51
23,46,37,23:46:37
19,38,7,19:38:07
21,55,13,21:55:13
2,37,18,02:37:18
20,30,10,20:30:10
19,21,34,19:21:34
16,10,29,16:10:29
13,7,53,13:07:53
22,45,13,22:45:13
16,1,45,16:01:45
14,6,7,14:06:07
0,52,36,00:52:36
3,38,26,03:38:26
14,10,59,14:10:59
22,13,54,22:13:54
3,3,38,03:03:38
7,0,0,07:00:00
8,12,43,08:12:43
0,45,1,00:45:01
7,47,20,07:47:20
16,26,33,16:26:33
0,57,26,00:57:26
3,10,51,03:10:51
18,47,44,18:47:44
21,1,7,21:01:07
11,39,18,11:39:18
23,13,24,23:13:24
13,21,2,13:21:02
21,6,14,21:06:14
8,31,0,08:31:00
20,28,56,20:28:56
13,58,34,13:58:34
22,54,13,22:54:13
17,54,7,17:54:07
15,8,50,15:08:50
12,13,52,12:13:52
6,45,35,06:45:35
21,26,50,21:26:50
15,3,45,15:03:45
15,39,55,15:39:55
2,0,0,02:00:00
6,23,58,06:23:58
16,34,51,16:34:51
16,9,29,16:09:29
8,52,15,08:52:15
10,31,15,10:31:15
3,20,33,03:20:33
0,32,8,00:32:08
23,58,37,23:58:37
15,15,24,15:15:24
3,57,5,03:57:05
7,57,25,07:57:25
12,10,46,12:10:46
20,51,7,20:51:07
23,16,38,23:16:38
15,17,38,15:17:38
8,48,23,08:48:23
8,13,38,08:13:38
13,27,24,13:27:24
9,46,10,09:46:10
16,3,29,16:03:29
14,42,24,14:42:24
5,21,21,05:21:21
4,11,48,04:11:48
13,45,52,13:45:52
21,23,53,21:23:53
23,43,38,23:43:38
10,12,10,10:12:10
17,38,40,17:38:40
18,53,34,18:53:34
5,11,51,05:11:51
5,11,27,05:11:27
13,47,37,13:47:37
8,19,8,08:19:08
5,2,42,05:02:42
2,20,20,02:20:20
17,16,21,17:16:21
18,5,11,18:05:11
4,19,58,04:19:58
18,18,7,18:18:07
2,54,19,02:54:19
20,39,52,20:39:52
21,16,36,21:16:36
18,26,23,18:26:23
11,13,33,11:13:33
16,35,51,16:35:51
8,3,14,08:03:14
8,30,15,08:30:15
7,28,24,07:28:24
6,45,57,06:45:57
23,33,52,23:33:52
23,1,49,23:01:49
10,49,7,10:49:07
3,9,36,03:09:36
23,3,53,23:03:53
16,11,27,16:11:27
8,15,4,08:15:04
11,51,12,11:51:12
23,42,59,23:42:59
11,13,13,11:13:13
18,48,12,18:48:12
7,42,34,07:42:34
2,57,7,02:57:07
6,18,7,06:18:07
11,37,14,11:37:14
0,27,56,00:27:56
14,7,32,14:07:32
8,50,31,08:50:31
8,16,38,08:16:38
8,27,22,08:27:22
20,19,32,20:19:32
7,30,54,07:30:54
17,41,19,17:41:19
1,25,37,01:25:37
6,37,17,06:37:17
17,5,50,17:05:50
21,52,13,21:52:13
7,38,12,07:38:12
15,13,5,15:13:05
10,40,59,10:40:59
5,7,53,05:07:53
12,37,37,12:37:37
20,19,45,20:19:45
18,33,3,18:33:03
10,17,10,10:17:10
21,17,13,21:17:13
0,7,31,00:07:31
5,5,6,05:05:06
8,55,31,08:55:31
16,59,12,16:59:12
15,24,6,15:24:06
12,5,19,12:05:19
12,2,13,12:02:13
17,26,49,17:26:49
2,6,15,02:06:15
23,26,18,23:26:18
20,18,55,20:18:55
10,5,40,10:05:40
23,0,26,23:00:26
21,0,0,21:00:00
10,28,50,10:28:50
0,41,5,00:41:05
1,46,18,01:46:18
19,5,50,19:05:50
21,9,21,21:09:21
19,14,34,19:14:34
6,32,12,06:32:12
2,58,22,02:58:22
2,43,18,02:43:18
7,0,41,07:00:41
18,31,6,18:31:06
13,14,50,13:14:50
19,39,30,19:39:30
12,14,38,12:14:38
14,43,22,14:43:22
7,32,53,07:32:53
21,46,51,21:46:51
16,28,36,16:28:36
11,37,31,11:37:31
19,30,57,19:30:57
8,53,40,08:53:40
20,37,0,20:37:00
7,28,34,07:28:34
14,18,6,14:18:06
15,33,57,15:33:57
21,34,32,21:34:32
22,30,25,22:30:25
1,9,5,01:09:05
21,57,57,21:57:57
4,5,0,04:05:00
20,31,33,20:31:33
16,2,22,16:02:22
6,33,16,06:33:16
10,1,17,10:01:17
16,7,52,16:07:52
13,43,54,13:43:54
9,47,59,09:47:59
1,14,33,01:14:33
2,8,14,02:08:14
15,14,38,15:14:38
17,24,5,17:24:05
18,7,48,18:07:48
14,21,13,14:21:13
11,34,56,11:34:56
19,43,46,19:43:46
2,26,40,02:26:40
8,13,51,08:13:51
19,33,20,19:33:20
17,52,50,17:52:50
20,31,5,20:31:05
22,5,25,22:05:25
5,12,30,05:12:30
23,58,11,23:58:11
5,43,6,05:43:06
11,28,52,11:28:52
9,28,11,09:28:11
0,14,8,00:14:08
20,12,37,20:12:37
16,29,19,16:29:19
19,24,5,19:24:05
3,30,47,03:30:47
10,42,43,10:42:43
8,58,3,08:58:03
0,51,5,00:51:05
20,26,28,20:26:28
6,25,38,06:25:38
18,13,27,18:13:27
21,52,38,21:52:38
5,29,15,05:29:15
11,22,47,11:22:47
20,16,32,20:16:32
3,7,30,03:07:30
11,0,54,11:00:54
13,14,0,13:14:00
0,1,21,00:01:21
2,3,41,02:03:41
14,0,17,14:00:17
18,3,51,18:03:51
8,57,30,08:57:30
20,36,42,20:36:42
20,58,57,20:58:57
9,47,9,09:47:09
22,8,42,22:08:42
13,26,48,13:26:48
18,4,21,18:04:21
10,18,17,10:18:17
10,25,38,10:25:38
0,16,23,00:16:23
3,53,27,03:53:27
0,25,1,00:25:01
16,14,0,16:14:00
22,38,28,22:38:28
23,38,43,23:38:43
2,53,25,02:53:25
23,38,51,23:38:51
6,26,6,06:26:06
3,13,52,03:13:52
3,45,23,03:45:23
19,36,44,19:36:44
2,25,4,02:25:04
3,46,3,03:46:03
16,49,14,16:49:14
3,35,17,03:35:17
9,26,38,09:26:38
11,55,50,11:55:50
3,2,48,03:02:48
2,23,17,02:23:17
0,48,36,00:48:36
19,31,35,19:31:35
9,32,37,09:32:37
6,46,25,06:46:25
12,18,49,12:18:49
13,47,10,13:47:10
7,4,20,07:04:20
1,43,28,01:43:28
20,9,46,20:09:46
5,44,44,05:44:44
3,27,28,03:27:28
0,33,43,00:33:43
23,0,37,23:00:37
20,13,56,20:13:56
11,55,6,11:55:06
2,54,49,02:54:49
20,51,46,20:51:46
22,21,53,22:21:53
23,20,46,23:20:46
16,25,6,16:25:06
2,40,27,02:40:27
11,9,37,11:09:37
2,37,21,02:37:21
17,16,34,17:16:34
13,14,33,13:14:33
15,10,56,15:10:56
16,20,35,16:20:35
6,41,29,06:41:29
17,38,35,17:38:35
7,8,49,07:08:49
1,30,57,01:30:57
11,9,59,11:09:59
21,8,11,21:08:11
21,25,21,21:25:21
23,32,25,23:32:25
11,1,29,11:01:29
4,31,10,04:31:10
2,42,6,02:42:06
8,9,49,08:09:49
8,50,54,08:50:54
13,37,17,13:37:17
17,29,2,17:29:02
18,39,30,18:39:30
17,56,51,17:56:51
3,33,23,03:33:23
5,44,10,05:44:10
2,36,19,02:36:19
21,24,55,21:24:55
1,1,40,01:01:40
20,39,8,20:39:08
17,11,20,17:11:20
22,47,19,22:47:19
20,26,5,20:26:05
5,14,27,05:14:27
16,15,48,16:15:48
19,45,42,19:45:42
17,4,12,17:04:12
21,38,15,21:38:15
2,4,50,02:04:50
19,24,17,19:24:17
21,13,26,21:13:26
3,53,44,03:53:44
20,56,48,20:56:48
23,40,51,23:40:51
2,19,9,02:19:09
1,25,25,01:25:25
16,44,57,16:44:57
2,53,1,02:53:01
20,1,50,20:01:50
23,23,18,23:23:18
9,17,51,09:17:51
22,17,11,22:17:11
12,54,32,12:54:32
6,18,34,06:18:34
21,5,39,21:05:39
18,22,17,18:22:17
23,47,31,23:47:31
21,26,59,21:26:59
7,12,6,07:12:06
5,21,20,05:21:20
2,10,40,02:10:40
19,26,9,19:26:09
7,33,23,07:33:23
11,12,3,11:12:03
19,38,57,19:38:57
1,48,27,01:48:27
10,29,57,10:29:57
5,28,47,05:28:47
3,9,27,03:09:27
1,26,2,01:26:02
19,46,30,19:46:30
18,29,31,18:29:31
12,50,38,12:50:38
20,39,50,20:39:50
5,1,35,05:01:35
5,58,36,05:58:36
19,32,19,19:32:19
23,59,14,23:59:14
2,8,31,02:08:31
4,57,43,04:57:43
19,12,7,19:12:07
10,5,52,10:05:52
11,5,11,11:05:11
23,14,45,23:14:45
17,16,53,17:16:53
14,6,26,14:06:26
0,12,58,00:12:58
5,34,49,05:34:49
5,26,40,05:26:40
16,38,33,16:38:33
10,34,15,10:34:15
8,26,33,08:26:33
4,24,29,04:24:29
15,41,54,15:41:54
15,47,48,15:47:48
9,30,10,09:30:10
10,35,3,10:35:03
21,25,57,21:25:57
2,2,46,02:02:46
14,59,25,14:59:25
1,39,3,01:39:03
7,16,6,07:16:06
17,55,14,17:55:14
7,25,10,07:25:10
4,24,41,04:24:41
4,46,38,04:46:38
11,25,25,11:25:25
8,48,3,08:48:03
10,55,20,10:55:20
2,39,52,02:39:52
6,53,54,06:53:54
6,20,2,06:20:02
18,15,55,18:15:55
10,56,57,10:56:57
7,50,28,07:50:28
12,26,56,12:26:56
22,16,44,22:16:44
18,27,7,18:27:07
14,25,0,14:25:00
6,10,35,06:10:35
10,52,55,10:52:55
2,23,42,02:23:42
13,36,7,13:36:07
20,16,20,20:16:20
21,34,3,21:34:03
2,13,5,02:13:05
18,32,18,18:32:18
0,14,42,00:14:42
10,43,1,10:43:01
10,0,0,10:00:00
20,16,6,20:16:06
19,14,44,19:14:44
17,41,40,17:41:40
8,38,45,08:38:45
19,29,33,19:29:33
21,1,45,21:01:45
4,21,16,04:21:16
11,5,25,11:05:25
6,21,19,06:21:19
13,52,29,13:52:29
22,32,42,22:32:42
4,39,41,04:39:41
19,8,18,19:08:18
11,15,28,11:15:28
3,35,21,03:35:21
3,0,10,03:00:10
9,28,43,09:28:43
18,11,3,18:11:03
18,43,35,18:43:35
17,2,57,17:02:57
18,2,52,18:02:52
6,6,22,06:06:22
21,28,16,21:28:16
6,44,56,06:44:56
7,21,58,07:21:58
2,57,51,02:57:51
20,52,56,20:52:56
20,8,1,20:08:01
5,34,45,05:34:45
6,29,47,06:29:47
4,1,4,04:01:04
17,31,15,17:31:15
8,47,31,08:47:31
19,58,31,19:58:31
0,44,50,00:44:50
14,48,19,14:48:19
16,57,0,16:57:00
5,27,28,05:27:28
7,3,10,07:03:10
10,18,20,10:18:20
0,7,57,00:07:57
8,12,20,08:12:20
20,51,35,20:51:35
0,54,40,00:54:40
9,51,36,09:51:36
13,32,27,13:32:27
15,19,51,15:19:51
0,40,52,00:40:52
1,7,1,01:07:01
11,39,9,11:39:09
5,34,56,05:34:56
13,32,50,13:32:50
23,47,34,23:47:34
19,49,49,19:49:49
21,27,12,21:27:12
8,57,44,08:57:44
5,12,27,05:12:27
3,9,23,03:09:23
13,10,4,13:10:04
7,57,25,07:57:25
3,25,43,03:25:43
15,56,56,15:56:56
7,31,36,07:31:36
2,39,36,02:39:36
18,48,41,18:48:41
0,28,37,00:28:37
18,59,48,18:59:48
9,32,17,09:32:17
20,21,9,20:21:09
17,55,41,17:55:41
10,50,11,10:50:11
5,16,24,05:16:24
4,7,1,04:07:01
15,34,33,15:34:33
16,58,54,16:58:54
1,42,48,01:42:48
3,48,26,03:48:26
21,17,23,21:17:23
0,12,21,00:12:21
6,34,11,06:34:11
20,38,14,20:38:14
7,40,22,07:40:22
5,15,26,05:15:26
8,14,41,08:14:41
12,27,58,12:27:58
2,40,17,02:40:17
17,56,40,17:56:40
16,12,11,16:12:11
9,37,20,09:37:20
14,41,30,14:41:30
0,46,31,00:46:31
19,39,50,19:39:50
12,9,52,12:09:52
6,25,43,06:25:43
12,48,5,12:48:05
1,5,50,01:05:50
23,29,17,23:29:17
9,39,12,09:39:12
15,33,52,15:33:52
5,46,3,05:46:03
19,31,34,19:31:34
21,28,38,21:28:38
14,23,17,14:23:17
0,16,28,00:16:28
3,28,24,03:28:24
21,23,16,21:23:16
9,45,31,09:45:31
19,8,55,19:08:55
12,45,13,12:45:13
20,2,19,20:02:19
0,49,14,00:49:14
16,45,7,16:45:07
8,8,58,08:08:58
13,10,28,13:10:28
22,54,31,22:54:31
15,41,2,15:41:02
16,2,55,16:02:55
15,17,44,15:17:44
15,56,41,15:56:41
15,34,44,15:34:44
4,45,6,04:45:06
17,9,2,17:09:02
14,42,29,14:42:29
5,35,3,05:35:03
6,3,1,06:03:01
9,57,7,09:57:07
0,5,7,00:05:07
23,39,19,23:39:19
6,21,35,06:21:35
20,47,48,20:47:48
15,56,27,15:56:27
7,53,59,07:53:59
22,13,10,22:13:10
4,49,58,04:49:58
17,51,38,17:51:38
12,28,49,12:28:49
11,37,18,11:37:18
10,30,50,10:30:50
8,58,50,08:58:50
12,22,58,12:22:58
1,35,22,01:35:22
10,34,55,10:34:55
11,59,1,11:59:01
14,22,58,14:22:58
14,14,55,14:14:55
18,30,41,18:30:41
20,31,31,20:31:31
14,18,15,14:18:15
12,34,29,12:34:29
7,9,52,07:09:52
18,57,11,18:57:11
15,27,37,15:27:37
11,39,20,11:39:20
16,12,15,16:12:15
16,20,30,16:20:30
23,38,52,23:38:52
14,17,26,14:17:26
3,34,20,03:34:20
10,33,50,10:33:50
8,23,48,08:23:48
17,14,58,17:14:58
1,3,59,01:03:59
23,34,29,23:34:29
21,27,7,21:27:07
7,49,35,07:49:35
17,32,2,17:32:02
13,31,39,13:31:39
20,18,2,20:18:02
0,45,3,00:45:03
23,36,48,23:36:48
14,39,8,14:39:08
1,52,8,01:52:08
6,27,25,06:27:25
9,55,39,09:55:39
2,15,8,02:15:08
8,11,16,08:11:16
16,24,0,16:24:00
21,32,0,21:32:00
4,9,21,04:09:21
23,45,0,23:45:00
19,4,46,19:04:46
7,42,20,07:42:20
13,50,14,13:50:14
10,38,36,10:38:36
23,30,3,23:30:03
7,59,29,07:59:29
7,34,27,07:34:27
9,54,21,09:54:21
7,52,13,07:52:13
2,52,23,02:52:23
17,42,3,17:42:03
16,6,23,16:06:23
11,54,54,11:54:54
9,1,48,09:01:48
9,41,14,09:41:14
18,41,18,18:41:18
7,10,18,07:10:18
23,32,46,23:32:46
0,6,44,00:06:44
13,18,1,13:18:01
4,11,27,04:11:27
0,42,26,00:42:26
4,14,19,04:14:19
12,25,47,12:25:47
15,58,13,15:58:13
20,30,58,20:30:58
16,16,35,16:16:35
2,6,33,02:06:33
2,56,44,02:56:44
13,0,39,13:00:39
17,18,14,17:18:14
18,46,3,18:46:03
6,49,59,06:49:59
1,6,30,01:06:30
6,1,22,06:01:22
22,16,7,22:16:07
22,42,57,22:42:57
14,21,32,14:21:32
3,44,51,03:44:51
1,17,50,01:17:50
9,27,54,09:27:54
0,8,4,00:08:04
9,40,31,09:40:31
15,42,27,15:42:27
19,4,7,19:04:07
11,33,49,11:33:49
21,39,47,21:39:47
5,44,44,05:44:44
12,29,21,12:29:21
12,41,20,12:41:20
16,56,49,16:56:49
12,34,42,12:34:42
19,11,28,19:11:28
21,9,57,21:09:57
7,15,27,07:15:27
23,19,1,23:19:01
20,28,14,20:28:14
8,1,48,08:01:48
1,48,16,01:48:16
0,51,1,00:51:01
6,49,8,06:49:08
20,20,7,20:20:07
10,45,46,10:45:46
17,13,35,17:13:35
5,0,11,05:00:11
11,48,44,11:48:44
20,57,9,20:57:09
8,36,11,08:36:11
10,31,34,10:31:34
14,37,58,14:37:58
1,45,24,01:45:24
12,31,26,12:31:26
1,5,56,01:05:56
9,20,12,09:20:12
21,48,28,21:48:28
14,23,49,14:23:49
23,59,25,23:59:25
0,2,0,00:02:00
7,26,50,07:26:50
11,6,54,11:06:54
16,4,55,16:04:55
14,10,43,14:10:43
22,47,42,22:47:42
19,7,39,19:07:39
18,7,19,18:07:19
8,47,0,08:47:00
22,8,43,22:08:43
22,29,39,22:29:39
13,56,59,13:56:59
16,28,28,16:28:28
10,57,31,10:57:31
19,29,3,19:29:03
18,49,27,18:49:27
4,27,9,04:27:09
10,8,29,10:08:29
20,19,22,20:19:22
5,18,5,05:18:05
9,18,14,09:18:14
23,0,9,23:00:09
11,4,17,11:04:17
17,47,50,17:47:50
5,8,10,05:08:10
18,48,57,18:48:57
7,21,4,07:21:04
12,44,39,12:44:39
0,50,11,00:50:11
10,59,15,10:59:15
8,15,58,08:15:58
7,42,27,07:42:27
4,5,2,04:05:02
23,58,17,23:58:17
23,50,8,23:50:08
23,30,37,23:30:37
14,59,35,14:59:35
21,14,43,21:14:43
9,13,34,09:13:34
2,5,51,02:05:51
13,17,46,13:17:46
5,20,34,05:20:34
0,37,16,00:37:16
20,19,48,20:19:48
3,17,10,03:17:10
8,10,38,08:10:38
23,27,23,23:27:23
11,28,19,11:28:19
4,6,3,04:06:03
19,31,22,19:31:22
13,25,6,13:25:06
20,18,51,20:18:51
4,3,27,04:03:27
0,45,57,00:45:57
20,54,24,20:54:24
7,20,21,07:20:21
5,13,9,05:13:09
23,11,7,23:11:07
8,25,28,08:25:28
20,11,52,20:11:52
13,46,28,13:46:28
18,17,56,18:17:56
21,43,47,21:43:47
17,48,17,17:48:17
8,50,33,08:50:33
7,37,48,07:37:48
2,57,41,02:57:41
9,56,54,09:56:54
15,34,45,15:34:45
6,50,32,06:50:32
6,51,20,06:51:20
11,18,18,11:18:18
15,54,13,15:54:13
23,30,22,23:30:22
17,33,32,17:33:32
22,55,25,22:55:25
18,56,26,18:56:26
10,32,10,10:32:10
14,29,36,14:29:36
1,54,44,01:54:44
21,24,36,21:24:36
16,21,12,16:21:12
16,30,36,16:30:36
22,21,36,22:21:36
6,1,11,06:01:11
22,4,32,22:04:32
18,16,58,18:16:58
1,14,28,01:14:28
0,57,2,00:57:02
10,17,43,10:17:43
2,25,55,02:25:55
9,30,12,09:30:12
21,45,21,21:45:21
10,58,13,10:58:13
14,33,43,14:33:43
17,53,58,17:53:58
4,11,4,04:11:04
3,12,32,03:12:32
17,52,25,17:52:25
23,26,18,23:26:18
7,33,50,07:33:50
23,7,9,23:07:09
17,16,42,17:16:42
13,43,34,13:43:34
10,23,24,10:23:24
8,32,16,08:32:16
4,2,3,04:02:03
11,29,34,11:29:34
13,43,32,13:43:32
8,18,35,08:18:35
13,3,25,13:03:25
9,34,32,09:34:32
10,44,30,10:44:30
15,59,35,15:59:35
7,2,45,07:02:45
6,18,21,06:18:21
18,3,57,18:03:57
15,30,28,15:30:28
13,26,37,13:26:37
23,22,2,23:22:02
0,7,52,00:07:52
4,33,56,04:33:56
14,5,9,14:05:09
14,5,25,14:05:25
2,53,4,02:53:04
5,3,32,05:03:32
12,9,43,12:09:43
22,4,2,22:04:02
9,55,3,09:55:03
15,0,5,15:00:05
18,53,49,18:53:49
12,7,57,12:07:57
22,42,9,22:42:09
19,17,13,19:17:13
21,58,37,21:58:37
1,49,46,01:49:46
17,16,19,17:16:19
23,27,52,23:27:52
9,11,38,09:11:38
19,26,9,19:26:09
7,17,29,07:17:29
0,51,5,00:51:05
6,57,40,06:57:40
0,25,44,00:25:44
6,7,45,06:07:45
7,49,5,07:49:05
0,19,37,00:19:37
20,43,22,20:43:22
4,15,13,04:15:13
11,20,51,11:20:51
19,6,19,19:06:19
2,56,4,02:56:04
21,32,56,21:32:56
6,57,9,06:57:09
7,14,43,07:14:43
2,48,53,02:48:53
19,44,15,19:44:15
10,51,15,10:51:15
19,14,23,19:14:23
17,35,4,17:35:04
4,37,0,04:37:00
23,3,43,23:03:43
18,36,22,18:36:22
19,21,23,19:21:23
6,40,15,06:40:15
16,21,29,16:21:29
15,42,23,15:42:23
16,38,39,16:38:39
8,12,10,08:12:10
16,21,20,16:21:20
2,10,34,02:10:34
6,56,52,06:56:52
5,47,7,05:47:07
11,46,43,11:46:43
3,22,43,03:22:43
6,9,17,06:09:17
3,5,31,03:05:31
19,31,23,19:31:23
10,38,12,10:38:12
13,11,11,13:11:11
18,55,10,18:55:10
12,50,49,12:50:49
5,5,39,05:05:39
1,9,47,01:09:47
2,38,28,02:38:28
23,35,9,23:35:09
23,40,16,23:40:16
5,37,28,05:37:28
8,51,59,08:51:59
5,15,25,05:15:25
22,48,34,22:48:34
15,52,33,15:52:33
16,31,3,16:31:03
2,53,48,02:53:48
1,12,52,01:12:52
0,23,18,00:23:18
18,13,7,18:13:07
0,45,37,00:45:37
21,19,11,21:19:11
16,41,5,16:41:05
17,57,33,17:57:33
1,12,42,01:12:42
9,43,25,09:43:25
7,55,17,07:55:17
18,17,45,18:17:45
1,19,25,01:19:25
2,4,27,02:04:27
17,55,37,17:55:37
13,0,21,13:00:21
5,41,54,05:41:54
2,51,25,02:51:25
0,30,11,00:30:11
6,34,20,06:34:20
17,18,16,17:18:16
11,16,17,11:16:17
19,27,51,19:27:51
4,54,33,04:54:33
1,29,56,01:29:56
5,44,50,05:44:50
9,4,0,09:04:00
15,48,35,15:48:35
11,45,43,11:45:43
10,30,32,10:30:32
6,31,13,06:31:13
9,45,1,09:45:01
20,11,49,20:11:49
4,32,23,04:32:23
12,46,14,12:46:14
2,6,8,02:06:08
6,57,58,06:57:58
5,38,52,05:38:52
20,23,12,20:23:12
19,47,26,19:47:26
12,8,44,12:08:44
2,48,32,02:48:32
22,39,24,22:39:24
15,14,58,15:14:58
11,1,19,11:01:19
22,50,52,22:50:52
8,31,16,08:31:16
16,11,7,16:11:07
13,39,5,13:39:05
15,21,45,15:21:45
20,38,53,20:38:53
4,14,5,04:14:05
16,15,19,16:15:19
22,50,2,22:50:02
21,28,58,21:28:58
13,33,14,13:33:14
9,37,40,09:37:40
19,27,0,19:27:00
10,41,13,10:41:13
10,18,10,10:18:10
20,38,26,20:38:26
12,28,23,12:28:23
16,46,16,16:46:16
18,19,26,18:19:26
11,0,0,11:00:00
16,41,7,16:41:07
22,54,59,22:54:59
9,34,19,09:34:19
7,27,55,07:27:55
6,16,34,06:16:34
9,25,5,09:25:05
15,50,46,15:50:46
11,25,19,11:25:19
19,37,49,19:37:49
6,16,28,06:16:28
5,21,52,05:21:52
1,50,54,01:50:54
21,22,12,21:22:12
11,15,59,11:15:59
20,20,9,20:20:09
18,36,47,18:36:47
18,3,53,18:03:53
16,10,41,16:10:41
17,29,36,17:29:36
7,1,39,07:01:39
18,16,2,18:16:02
15,40,33,15:40:33
2,18,58,02:18:58
6,50,36,06:50:36
10,35,9,10:35:09
21,55,8,21:55:08
21,30,54,21:30:54
6,23,2,06:23:02
23,24,53,23:24:53
19,22,58,19:22:58
22,54,3,22:54:03
11,35,17,11:35:17
15,27,2,15:27:02
16,6,41,16:06:41
7,52,42,07:52:42
17,3,24,17:03:24
3,33,46,03:33:46
7,38,57,07:38:57
0,14,43,00:14:43
2,31,8,02:31:08
5,52,0,05:52:00
17,33,13,17:33:13
3,0,35,03:00:35
18,57,29,18:57:29
23,3,5,23:03:05
5,28,54,05:28:54
8,15,25,08:15:25
12,4,41,12:04:41
17,51,15,17:51:15
3,21,30,03:21:30
2,5,40,02:05:40
4,40,10,04:40:10
4,31,47,04:31:47
2,29,14,02:29:14
0,46,2,00:46:02
19,3,14,19:03:14
19,44,18,19:44:18
6,34,50,06:34:50
2,59,32,02:59:32
15,15,39,15:15:39
14,29,30,14:29:30
2,16,0,02:16:00
18,20,25,18:20:25
22,14,6,22:14:06
18,4,24,18:04:24
7,48,42,07:48:42
9,29,32,09:29:32
4,12,40,04:12:40
14,48,23,14:48:23
11,45,31,11:45:31
3,20,32,03:20:32
10,3,38,10:03:38
6,33,14,06:33:14
20,3,26,20:03:26
4,20,17,04:20:17
21,41,17,21:41:17
14,32,33,14:32:33
9,15,46,09:15:46
14,38,40,14:38:40
10,55,55,10:55:55
2,22,39,02:22:39
6,52,11,06:52:11
1,38,56,01:38:56
3,47,11,03:47:11
19,31,37,19:31:37
4,46,33,04:46:33
12,34,33,12:34:33
14,9,7,14:09:07
7,40,7,07:40:07
7,27,29,07:27:29
8,27,34,08:27:34
2,7,13,02:07:13
2,30,5,02:30:05
5,9,44,05:09:44
0,29,40,00:29:40
18,35,15,18:35:15
19,38,48,19:38:48
9,5,4,09:05:04
2,15,20,02:15:20
12,49,50,12:49:50
13,26,8,13:26:08
5,55,12,05:55:12
9,2,55,09:02:55
10,19,17,10:19:17
15,26,12,15:26:12
20,37,35,20:37:35
18,50,55,18:50:55
5,49,28,05:49:28
12,40,35,12:40:35
10,18,52,10:18:52
6,21,17,06:21:17
22,59,53,22:59:53
3,36,9,03:36:09
15,4,35,15:04:35
1,23,26,01:23:26
1,47,1,01:47:01
1,0,13,01:00:13
21,51,28,21:51:28
18,48,54,18:48:54
13,32,34,13:32:34
23,14,55,23:14:55
16,9,13,16:09:13
10,40,19,10:40:19
20,14,17,20:14:17
8,11,0,08:11:00
2,57,34,02:57:34
10,24,13,10:24:13
9,59,4,09:59:04
10,50,54,10:50:54
8,56,35,08:56:35
10,39,48,10:39:48
4,45,0,04:45:00
4,44,30,04:44:30
9,14,30,09:14:30
1,18,13,01:18:13
4,13,45,04:13:45
2,27,34,02:27:34
3,45,54,03:45:54
10,15,50,10:15:50
6,59,31,06:59:31
8,27,17,08:27:17
10,17,6,10:17:06
4,7,1,04:07:01
17,17,11,17:17:11
15,44,6,15:44:06
6,45,54,06:45:54
19,24,45,19:24:45
18,8,41,18:08:41
16,30,15,16:30:15
8,14,36,08:14:36
3,49,2,03:49:02
1,27,24,01:27:24
3,38,10,03:38:10
17,38,33,17:38:33
23,9,16,23:09:16
1,2,13,01:02:13
23,42,41,23:42:41
6,57,55,06:57:55
13,32,4,13:32:04
22,39,45,22:39:45
11,34,29,11:34:29
13,51,11,13:51:11
11,57,47,11:57:47
11,24,47,11:24:47
2,41,11,02:41:11
1,40,14,01:40:14
6,20,51,06:20:51
15,18,11,15:18:11
6,28,36,06:28:36
4,55,35,04:55:35
0,37,8,00:37:08
9,28,55,09:28:55
17,49,29,17:49:29
20,46,34,20:46:34
14,4,51,14:04:51
16,58,17,16:58:17
22,7,11,22:07:11
1,4,12,01:04:12
3,18,28,03:18:28
11,33,43,11:33:43
22,17,54,22:17:54
22,4,5,22:04:05
17,28,11,17:28:11
1,55,17,01:55:17
2,7,56,02:07:56
12,33,42,12:33:42
18,35,20,18:35:20
7,12,7,07:12:07
22,7,36,22:07:36
0,23,55,00:23:55
10,41,17,10:41:17
9,41,10,09:41:10
22,40,3,22:40:03
13,5,21,13:05:21
19,2,11,19:02:11
1,35,51,01:35:51
14,10,28,14:10:28
12,25,44,12:25:44
12,32,47,12:32:47
22,30,59,22:30:59
18,31,28,18:31:28
2,41,39,02:41:39
11,34,47,11:34:47
3,8,45,03:08:45
7,30,30,07:30:30
10,34,33,10:34:33
1,57,41,01:57:41
6,57,27,06:57:27
12,16,12,12:16:12
10,23,42,10:23:42
3,30,0,03:30:00
7,17,51,07:17:51
18,54,28,18:54:28
0,18,16,00:18:16
22,21,29,22:21:29
5,45,55,05:45:55
18,7,16,18:07:16
13,56,52,13:56:52
16,55,13,16:55:13
5,7,50,05:07:50
16,53,45,16:53:45
21,39,13,21:39:13
12,28,14,12:28:14
11,23,30,11:23:30
19,57,45,19:57:45
18,1,57,18:01:57
13,59,7,13:59:07
20,10,54,20:10:54
14,56,28,14:56:28
8,3,41,08:03:41
14,42,3,14:42:03
14,30,15,14:30:15
19,47,17,19:47:17
11,53,24,11:53:24
13,14,52,13:14:52
21,2,19,21:02:19
7,55,50,07:55:50
22,52,23,22:52:23
14,30,59,14:30:59
15,45,23,15:45:23
16,17,13,16:17:13
10,47,15,10:47:15
7,3,49,07:03:49
8,30,13,08:30:13
21,4,11,21:04:11
8,26,18,08:26:18
2,54,38,02:54:38
6,53,28,06:53:28
23,24,12,23:24:12
9,24,25,09:24:25
6,23,35,06:23:35
22,31,37,22:31:37
5,27,32,05:27:32
19,41,3,19:41:03
19,3,47,19:03:47
5,29,0,05:29:00
21,12,40,21:12:40
12,38,59,12:38:59
0,28,23,00:28:23
18,32,49,18:32:49
1,46,45,01:46:45
6,25,16,06:25:16
11,39,19,11:39:19
20,43,11,20:43:11
17,14,41,17:14:41
13,2,25,13:02:25
11,9,28,11:09:28
22,14,13,22:14:13
20,22,49,20:22:49
3,31,52,03:31:52
23,10,45,23:10:45
7,37,59,07:37:59
19,19,48,19:19:48
14,56,17,14:56:17
15,19,25,15:19:25
10,36,1,10:36:01
23,5,52,23:05:52
11,51,2,11:51:02
16,8,17,16:08:17
23,17,7,23:17:07
3,44,14,03:44:14
20,46,53,20:46:53
15,25,24,15:25:24
15,56,11,15:56:11
10,8,57,10:08:57
1,18,11,01:18:11
7,18,36,07:18:36
17,41,28,17:41:28
19,44,47,19:44:47
9,8,24,09:08:24
11,11,16,11:11:16
1,42,14,01:42:14
2,1,35,02:01:35
3,45,49,03:45:49
20,42,46,20:42:46
8,45,1,08:45:01
18,33,13,18:33:13
10,58,33,10:58:33
6,23,23,06:23:23
13,15,38,13:15:38
18,45,25,18:45:25
6,47,56,06:47:56
20,38,21,20:38:21
12,28,20,12:28:20
5,31,17,05:31:17
2,19,52,02:19:52
3,42,26,03:42:26
1,3,32,01:03:32
3,29,46,03:29:46
14,11,52,14:11:52
13,36,35,13:36:35
10,2,25,10:02:25
16,36,29,16:36:29
4,2,42,04:02:42
15,3,33,15:03:33
15,18,32,15:18:32
5,35,32,05:35:32
0,18,13,00:18:13
15,57,57,15:57:57
13,5,40,13:05:40
3,35,49,03:35:49
23,2,14,23:02:14
16,1,14,16:01:14
9,51,21,09:51:21
13,32,6,13:32:06
14,41,38,14:41:38
15,38,44,15:38:44
13,27,12,13:27:12
7,10,21,07:10:21
19,0,8,19:00:08
5,11,37,05:11:37
11,43,19,11:43:19
16,20,11,16:20:11
2,42,55,02:42:55
18,10,34,18:10:34
12,19,52,12:19:52
14,33,47,14:33:47
7,8,13,07:08:13
16,16,10,16:16:10
11,38,42,11:38:42
9,6,42,09:06:42
7,13,14,07:13:14
2,43,27,02:43:27
22,53,7,22:53:07
12,39,16,12:39:16
3,4,43,03:04:43
15,20,46,15:20:46
5,9,33,05:09:33
6,3,15,06:03:15
12,3,37,12:03:37
1,31,44,01:31:44
13,13,27,13:13:27
12,43,11,12:43:11
20,8,8,20:08:08
10,16,21,10:16:21
5,43,59,05:43:59
6,2,27,06:02:27
4,25,59,04:25:59
8,16,6,08:16:06
17,7,54,17:07:54
3,6,5,03:06:05
12,38,49,12:38:49
9,58,20,09:58:20
17,46,6,17:46:06
12,53,58,12:53:58
12,9,43,12:09:43
5,3,35,05:03:35
8,31,25,08:31:25
14,32,5,14:32:05
20,42,46,20:42:46
14,41,28,14:41:28
5,44,45,05:44:45
7,57,11,07:57:11
14,31,46,14:31:46
9,4,45,09:04:45
20,46,46,20:46:46
10,24,27,10:24:27
15,51,59,15:51:59
13,30,0,13:30:00
2,31,58,02:31:58
17,13,58,17:13:58
13,31,12,13:31:12
0,37,30,00:37:30
11,5,36,11:05:36
19,57,36,19:57:36
1,54,32,01:54:32
6,41,53,06:41:53
20,27,46,20:27:46
23,42,27,23:42:27
14,42,30,14:42:30
1,35,53,01:35:53
2,19,2,02:19:02
11,56,25,11:56:25
0,8,19,00:08:19
12,50,43,12:50:43
1,41,23,01:41:23
18,41,12,18:41:12
14,4,28,14:04:28
17,21,17,17:21:17
18,31,7,18:31:07
14,1,38,14:01:38
9,33,6,09:33:06
5,13,49,05:13:49
0,0,7,00:00:07
22,24,46,22:24:46
10,20,11,10:20:11
22,32,46,22:32:46
9,5,19,09:05:19
1,0,20,01:00:20
5,20,24,05:20:24
16,20,21,16:20:21
0,7,56,00:07:56
12,29,35,12:29:35
6,50,15,06:50:15
18,57,41,18:57:41
22,49,22,22:49:22
1,1,4,01:01:04
17,30,27,17:30:27
22,19,38,22:19:38
22,49,52,22:49:52
23,2,45,23:02:45
5,46,45,05:46:45
8,51,11,08:51:11
2,12,56,02:12:56
1,8,29,01:08:29
10,14,36,10:14:36
10,27,30,10:27:30
8,42,17,08:42:17
19,48,1,19:48:01
9,27,40,09:27:40
0,34,25,00:34:25
4,40,3,04:40:03
1,38,28,01:38:28
21,1,21,21:01:21
13,32,6,13:32:06
8,40,44,08:40:44
23,59,55,23:59:55
15,51,59,15:51:59
8,55,39,08:55:39
23,24,39,23:24:39
0,17,33,00:17:33
0,39,24,00:39:24
11,7,57,11:07:57
17,29,44,17:29:44
1,1,8,01:01:08
14,2,0,14:02:00
8,41,46,08:41:46
6,16,16,06:16:16
22,39,39,22:39:39
20,1,34,20:01:34
17,56,58,17:56:58
20,34,16,20:34:16
3,18,9,03:18:09
12,16,10,12:16:10
15,43,53,15:43:53
21,1,31,21:01:31
15,44,24,15:44:24
2,49,38,02:49:38
13,28,49,13:28:49
7,25,8,07:25:08
19,55,56,19:55:56
15,18,29,15:18:29
19,40,44,19:40:44
2,51,29,02:51:29
2,29,56,02:29:56
0,11,42,00:11:42
2,7,7,02:07:07
0,14,24,00:14:24
10,10,39,10:10:39
6,30,4,06:30:04
5,12,13,05:12:13
3,14,43,03:14:43
13,29,0,13:29:00
19,28,57,19:28:57
3,11,21,03:11:21
14,37,57,14:37:57
5,48,58,05:48:58
14,21,12,14:21:12
14,3,7,14:03:07
18,29,5,18:29:05
4,15,52,04:15:52
13,9,18,13:09:18
3,10,55,03:10:55
22,30,11,22:30:11
15,52,2,15:52:02
7,34,47,07:34:47
23,57,13,23:57:13
10,16,29,10:16:29
10,2,7,10:02:07
19,40,34,19:40:34
7,20,23,07:20:23
18,59,12,18:59:12
11,13,48,11:13:48
13,47,56,13:47:56
17,28,49,17:28:49
14,21,33,14:21:33
22,55,26,22:55:26
6,51,9,06:51:09
0,52,47,00:52:47
23,22,0,23:22:00
13,45,20,13:45:20
23,7,8,23:07:08
23,27,57,23:27:57
8,6,29,08:06:29
4,32,52,04:32:52
5,8,33,05:08:33
20,4,9,20:04:09
8,8,28,08:08:28
11,41,41,11:41:41
2,57,45,02:57:45
19,28,32,19:28:32
14,27,47,14:27:47
18,31,25,18:31:25
15,14,46,15:14:46
17,12,57,17:12:57
18,58,35,18:58:35
0,35,27,00:35:27
8,32,38,08:32:38
23,28,28,23:28:28
0,27,23,00:27:23
10,19,23,10:19:23
4,42,1,04:42:01
18,45,48,18:45:48
5,17,57,05:17:57
23,47,22,23:47:22
18,29,19,18:29:19
1,5,27,01:05:27
11,33,44,11:33:44
21,55,9,21:55:09
23,49,55,23:49:55
4,51,55,04:51:55
10,42,34,10:42:34
4,19,2,04:19:02
0,28,52,00:28:52
18,39,28,18:39:28
11,38,56,11:38:56
20,29,52,20:29:52
10,28,47,10:28:47
12,38,50,12:38:50
19,28,37,19:28:37
9,6,10,09:06:10
14,29,0,14:29:00
6,39,42,06:39:42
19,10,36,19:10:36
1,30,24,01:30:24
18,22,9,18:22:09
19,31,0,19:31:00
5,38,18,05:38:18
11,1,59,11:01:59
7,13,29,07:13:29
16,27,53,16:27:53
10,13,38,10:13:38
23,50,35,23:50:35
4,44,25,04:44:25
8,10,39,08:10:39
0,8,20,00:08:20
15,5,52,15:05:52
9,17,18,09:17:18
1,26,43,01:26:43
22,7,45,22:07:45
11,7,17,11:07:17
17,57,33,17:57:33
5,40,51,05:40:51
11,6,53,11:06:53
23,20,9,23:20:09
3,13,10,03:13:10
0,54,8,00:54:08
8,48,5,08:48:05
8,37,22,08:37:22
9,58,7,09:58:07
6,52,51,06:52:51
2,15,51,02:15:51
22,9,4,22:09:04
2,7,34,02:07:34
3,41,27,03:41:27
5,0,11,05:00:11
0,59,31,00:59:31
17,53,41,17:53:41
2,47,11,02:47:11
4,17,38,04:17:38
22,41,19,22:41:19
22,40,18,22:40:18
15,17,4,15:17:04
14,53,42,14:53:42
9,40,24,09:40:24
2,27,28,02:27:28
0,45,58,00:45:58
0,48,16,00:48:16
10,27,4,10:27:04
12,9,13,12:09:13
15,31,39,15:31:39
5,24,51,05:24:51
3,52,6,03:52:06
21,40,2,21:40:02
13,33,31,13:33:31
1,48,9,01:48:09
0,30,5,00:30:05
12,29,9,12:29:09
2,13,59,02:13:59
19,21,47,19:21:47
2,4,31,02:04:31
9,57,40,09:57:40
12,46,59,12:46:59
2,43,57,02:43:57
1,44,49,01:44:49
13,17,53,13:17:53
14,13,47,14:13:47
11,55,21,11:55:21
14,38,9,14:38:09
3,38,49,03:38:49
21,16,34,21:16:34
18,45,39,18:45:39
8,0,48,08:00:48
21,31,50,21:31:50
6,15,25,06:15:25
4,22,41,04:22:41
2,59,18,02:59:18
7,54,13,07:54:13
23,15,43,23:15:43
5,16,12,05:16:12
6,43,57,06:43:57
4,31,53,04:31:53
0,19,8,00:19:08
21,19,47,21:19:47
5,10,12,05:10:12
8,4,45,08:04:45
3,6,21,03:06:21
23,7,58,23:07:58
19,21,39,19:21:39
17,46,37,17:46:37
22,24,26,22:24:26
12,19,49,12:19:49
4,10,55,04:10:55
20,36,3,20:36:03
2,51,13,02:51:13
19,35,49,19:35:49
7,32,16,07:32:16
5,0,21,05:00:21
3,6,18,03:06:18
18,26,17,18:26:17
8,13,18,08:13:18
12,17,12,12:17:12
3,15,4,03:15:04
6,37,44,06:37:44
16,10,24,16:10:24
10,55,1,10:55:01
23,42,10,23:42:10
17,55,9,17:55:09
11,17,21,11:17:21
12,59,18,12:59:18
9,43,9,09:43:09
15,8,9,15:08:09
21,49,11,21:49:11
21,33,37,21:33:37
0,7,9,00:07:09
13,31,49,13:31:49
1,3,37,01:03:37
8,47,19,08:47:19
9,32,23,09:32:23
16,55,19,16:55:19
12,43,26,12:43:26
9,1,10,09:01:10
12,29,12,12:29:12
17,26,16,17:26:16
12,21,6,12:21:06
0,14,37,00:14:37
4,24,29,04:24:29
8,47,14,08:47:14
6,35,51,06:35:51
0,54,39,00:54:39
1,46,20,01:46:20
12,39,53,12:39:53
18,38,46,18:38:46
11,44,32,11:44:32
0,28,37,00:28:37
12,33,58,12:33:58
0,14,47,00:14:47
5,58,14,05:58:14
16,32,37,16:32:37
14,5,3,14:05:03
22,8,24,22:08:24
15,51,1,15:51:01
15,53,55,15:53:55
21,8,25,21:08:25
7,35,55,07:35:55
17,40,46,17:40:46
4,20,53,04:20:53
14,52,40,14:52:40
19,25,43,19:25:43
14,33,35,14:33:35
21,53,33,21:53:33
22,24,21,22:24:21
23,45,32,23:45:32
22,38,48,22:38:48
5,3,39,05:03:39
2,24,45,02:24:45
9,15,34,09:15:34
9,28,14,09:28:14
17,4,52,17:04:52
13,39,17,13:39:17
0,34,55,00:34:55
16,14,23,16:14:23
4,34,10,04:34:10
8,32,24,08:32:24
4,46,56,04:46:56
21,43,20,21:43:20
22,26,55,22:26:55
7,51,49,07:51:49
23,44,7,23:44:07
10,40,29,10:40:29
5,1,3,05:01:03
8,19,11,08:19:11
14,8,53,14:08:53
23,41,21,23:41:21
17,14,16,17:14:16
5,2,55,05:02:55
15,45,15,15:45:15
10,59,40,10:59:40
6,23,39,06:23:39
16,1,14,16:01:14
4,55,19,04:55:19
5,45,23,05:45:23
21,46,15,21:46:15
15,25,44,15:25:44
6,16,29,06:16:29
11,58,16,11:58:16
1,3,11,01:03:11
19,33,39,19:33:39
8,38,0,08:38:00
17,58,39,17:58:39
20,1,47,20:01:47
11,35,49,11:35:49
18,25,34,18:25:34
14,46,19,14:46:19
8,36,34,08:36:34
15,48,12,15:48:12
4,39,3,04:39:03
3,17,44,03:17:44
17,4,39,17:04:39
0,7,9,00:07:09
19,55,27,19:55:27
18,54,12,18:54:12
11,0,15,11:00:15
0,6,59,00:06:59
8,57,48,08:57:48
10,16,45,10:16:45
9,51,1,09:51:01
7,29,43,07:29:43
22,42,58,22:42:58
1,13,33,01:13:33
14,9,13,14:09:13
22,7,30,22:07:30
12,22,54,12:22:54
7,33,28,07:33:28
13,35,20,13:35:20
20,18,31,20:18:31
3,49,47,03:49:47
15,26,23,15:26:23
18,5,43,18:05:43
6,54,43,06:54:43
1,59,17,01:59:17
19,26,32,19:26:32
23,28,18,23:28:18
18,51,53,18:51:53
14,0,42,14:00:42
22,53,53,22:53:53
18,8,21,18:08:21
16,4,3,16:04:03
3,54,15,03:54:15
6,16,25,06:16:25
11,9,0,11:09:00
21,34,53,21:34:53
14,3,3,14:03:03
3,37,10,03:37:10
21,42,38,21:42:38
9,44,50,09:44:50
3,50,21,03:50:21
22,29,9,22:29:09
19,41,15,19:41:15
6,43,7,06:43:07
8,32,18,08:32:18
17,4,50,17:04:50
12,53,20,12:53:20
13,43,6,13:43:06
0,29,23,00:29:23
14,9,32,14:09:32
1,11,30,01:11:30
7,30,34,07:30:34
12,17,0,12:17:00
8,55,59,08:55:59
14,48,17,14:48:17
8,45,48,08:45:48
11,20,5,11:20:05
22,10,56,22:10:56
18,39,45,18:39:45
9,36,18,09:36:18
12,59,24,12:59:24
6,7,36,06:07:36
22,1,8,22:01:08
2,51,0,02:51:00
9,27,24,09:27:24
9,26,4,09:26:04
21,15,43,21:15:43
19,14,23,19:14:23
17,15,2,17:15:02
19,54,56,19:54:56
23,36,17,23:36:17
10,46,19,10:46:19
10,36,54,10:36:54
2,5,46,02:05:46
4,12,32,04:12:32
1,21,14,01:21:14
12,19,27,12:19:27
23,23,25,23:23:25
15,18,36,15:18:36
16,40,42,16:40:42
11,10,7,11:10:07
13,13,15,13:13:15
2,4,7,02:04:07
0,49,42,00:49:42
1,24,3,01:24:03
8,5,35,08:05:35
0,15,3,00:15:03
8,1,57,08:01:57
8,51,3,08:51:03
18,7,23,18:07:23
19,52,10,19:52:10
13,31,59,13:31:59
1,24,55,01:24:55
4,38,14,04:38:14
13,38,22,13:38:22
0,53,55,00:53:55
15,57,19,15:57:19
6,10,4,06:10:04
16,7,40,16:07:40
6,15,58,06:15:58
4,25,7,04:25:07
1,8,28,01:08:28
12,20,32,12:20:32
4,50,45,04:50:45
22,40,8,22:40:08
0,21,21,00:21:21
8,31,39,08:31:39
14,1,23,14:01:23
21,35,34,21:35:34
1,29,41,01:29:41
10,43,39,10:43:39
12,16,12,12:16:12
18,37,16,18:37:16
7,29,32,07:29:32
1,48,27,01:48:27
1,43,1,01:43:01
0,16,55,00:16:55
3,2,26,03:02:26
13,31,21,13:31:21
6,39,19,06:39:19
17,41,58,17:41:58
11,35,52,11:35:52
4,56,23,04:56:23
11,42,11,11:42:11
13,47,32,13:47:32
3,0,39,03:00:39
2,58,44,02:58:44
1,55,32,01:55:32
21,37,19,21:37:19
10,20,44,10:20:44
19,38,59,19:38:59
1,29,53,01:29:53
4,58,12,04:58:12
23,13,0,23:13:00
18,46,31,18:46:31
5,4,8,05:04:08
9,12,44,09:12:44
21,15,35,21:15:35
9,52,56,09:52:56
7,30,9,07:30:09
5,53,55,05:53:55
3,15,49,03:15:49
9,26,28,09:26:28
9,23,14,09:23:14
17,51,21,17:51:21
0,51,28,00:51:28
14,9,43,14:09:43
14,46,22,14:46:22
4,21,38,04:21:38
3,57,37,03:57:37
2,31,4,02:31:04
9,19,18,09:19:18
7,0,1,07:00:01
18,34,3,18:34:03
22,44,29,22:44:29
5,0,12,05:00:12
3,24,13,03:24:13
10,32,29,10:32:29
0,27,22,00:27:22
12,59,34,12:59:34
21,11,9,21:11:09
1,41,48,01:41:48
23,46,7,23:46:07
7,15,4,07:15:04
8,17,47,08:17:47
13,17,56,13:17:56
0,13,47,00:13:47
21,0,19,21:00:19
20,33,36,20:33:36
1,58,15,01:58:15
12,58,51,12:58:51
12,0,57,12:00:57
5,42,49,05:42:49
0,31,18,00:31:18
2,37,23,02:37:23
12,39,41,12:39:41
9,30,31,09:30:31
2,0,37,02:00:37
0,37,55,00:37:55
12,22,35,12:22:35
22,15,15,22:15:15
20,4,55,20:04:55
16,13,16,16:13:16
21,50,51,21:50:51
3,12,19,03:12:19
23,54,13,23:54:13
5,11,53,05:11:53
19,53,28,19:53:28
9,20,22,09:20:22
3,34,34,03:34:34
20,34,51,20:34:51
0,4,46,00:04:46
16,47,22,16:47:22
19,4,2,19:04:02
6,53,12,06:53:12
22,31,47,22:31:47
16,42,52,16:42:52
3,51,53,03:51:53
18,17,11,18:17:11
2,28,12,02:28:12
10,19,25,10:19:25
16,8,52,16:08:52
9,32,0,09:32:00
14,2,42,14:02:42
11,35,13,11:35:13
4,47,9,04:47:09
4,43,17,04:43:17
2,31,44,02:31:44
21,12,45,21:12:45
9,34,44,09:34:44
11,15,10,11:15:10
3,33,54,03:33:54
10,53,52,10:53:52
23,51,1,23:51:01
19,40,2,19:40:02
1,56,15,01:56:15
1,49,35,01:49:35
20,9,51,20:09:51
12,2,11,12:02:11
18,25,55,18:25:55
8,28,47,08:28:47
4,16,8,04:16:08
4,10,1,04:10:01
1,11,16,01:11:16
21,47,7,21:47:07
9,40,54,09:40:54
13,36,16,13:36:16
18,17,2,18:17:02
18,45,28,18:45:28
22,47,47,22:47:47
18,7,34,18:07:34
5,35,16,05:35:16
5,42,32,05:42:32
19,37,47,19:37:47
20,10,9,20:10:09
22,35,13,22:35:13
10,50,5,10:50:05
22,25,25,22:25:25
2,35,31,02:35:31
1,52,40,01:52:40
22,35,45,22:35:45
20,55,25,20:55:25
16,24,40,16:24:40
7,12,54,07:12:54
1,9,52,01:09:52
6,19,47,06:19:47
8,35,57,08:35:57
3,31,22,03:31:22
20,16,32,20:16:32
1,18,47,01:18:47
16,26,21,16:26:21
19,48,22,19:48:22
7,44,33,07:44:33
19,38,31,19:38:31
0,35,12,00:35:12
22,25,31,22:25:31
18,7,1,18:07:01
4,9,19,04:09:19
16,58,7,16:58:07
20,20,21,20:20:21
20,37,34,20:37:34
5,34,11,05:34:11
11,13,6,11:13:06
15,35,29,15:35:29
0,22,33,00:22:33
2,2,28,02:02:28
6,49,6,06:49:06
12,57,46,12:57:46
23,14,22,23:14:22
10,53,6,10:53:06
5,31,17,05:31:17
7,33,16,07:33:16
16,37,39,16:37:39
8,41,15,08:41:15
7,2,10,07:02:10
5,35,37,05:35:37
20,49,2,20:49:02
5,0,6,05:00:06
19,9,41,19:09:41
22,16,58,22:16:58
8,4,9,08:04:09
1,49,53,01:49:53
20,13,47,20:13:47
12,55,29,12:55:29
21,46,51,21:46:51
22,6,7,22:06:07
7,6,22,07:06:22
0,22,45,00:22:45
14,22,48,14:22:48
19,34,20,19:34:20
10,16,27,10:16:27
20,47,33,20:47:33
19,0,53,19:00:53
17,40,11,17:40:11
1,57,7,01:57:07
11,34,33,11:34:33
21,1,29,21:01:29
3,45,47,03:45:47
14,9,48,14:09:48
16,36,29,16:36:29
17,2,43,17:02:43
16,0,41,16:00:41
14,9,56,14:09:56
21,22,37,21:22:37
4,33,7,04:33:07
16,39,58,16:39:58
3,36,3,03:36:03
9,23,52,09:23:52
21,48,20,21:48:20
5,34,36,05:34:36
7,17,52,07:17:52
6,52,50,06:52:50
2,58,39,02:58:39
12,35,44,12:35:44
17,53,8,17:53:08
13,42,50,13:42:50
2,47,1,02:47:01
22,33,12,22:33:12
19,12,44,19:12:44
21,5,28,21:05:28
3,11,9,03:11:09
18,24,8,18:24:08
22,43,4,22:43:04
3,13,25,03:13:25
16,53,56,16:53:56
22,32,13,22:32:13
11,29,49,11:29:49
22,10,46,22:10:46
17,22,42,17:22:42
16,50,44,16:50:44
20,1,4,20:01:04
13,34,45,13:34:45
16,33,19,16:33:19
7,56,23,07:56:23
3,21,58,03:21:58
14,50,31,14:50:31
13,5,46,13:05:46
13,16,18,13:16:18
19,59,28,19:59:28
3,33,39,03:33:39
18,27,59,18:27:59
22,33,15,22:33:15
7,10,4,07:10:04
14,39,6,14:39:06
1,25,25,01:25:25
14,16,54,14:16:54
23,19,12,23:19:12
4,13,39,04:13:39
7,20,0,07:20:00
6,4,6,06:04:06
23,55,29,23:55:29
12,45,37,12:45:37
20,24,41,20:24:41
15,6,16,15:06:16
17,58,7,17:58:07
18,47,34,18:47:34
15,20,44,15:20:44
11,19,53,11:19:53
6,21,30,06:21:30
21,33,37,21:33:37
17,3,38,17:03:38
14,35,39,14:35:39
20,35,13,20:35:13
3,42,1,03:42:01
16,26,42,16:26:42
21,13,20,21:13:20
0,59,8,00:59:08
2,43,43,02:43:43
8,47,13,08:47:13
8,33,35,08:33:35
23,8,41,23:08:41
8,30,46,08:30:46
22,59,12,22:59:12
14,25,28,14:25:28
18,58,41,18:58:41
13,40,14,13:40:14
4,27,22,04:27:22
14,51,25,14:51:25
4,5,21,04:05:21
3,43,39,03:43:39
9,42,32,09:42:32
13,19,21,13:19:21
11,56,19,11:56:19
14,22,58,14:22:58
12,50,55,12:50:55
4,13,42,04:13:42
21,3,33,21:03:33
12,48,12,12:48:12
16,47,38,16:47:38
7,39,13,07:39:13
23,33,39,23:33:39
18,3,46,18:03:46
5,55,21,05:55:21
8,24,47,08:24:47
2,14,44,02:14:44
21,20,45,21:20:45
22,12,59,22:12:59
19,7,1,19:07:01
23,28,30,23:28:30
5,43,49,05:43:49
0,58,22,00:58:22
4,38,18,04:38:18
20,8,33,20:08:33
9,25,48,09:25:48
12,3,25,12:03:25
18,24,32,18:24:32
18,6,52,18:06:52
6,58,32,06:58:32
23,33,58,23:33:58
14,45,21,14:45:21
1,28,32,01:28:32
6,16,8,06:16:08
12,36,49,12:36:49
17,43,52,17:43:52
14,32,8,14:32:08
18,31,22,18:31:22
20,22,53,20:22:53
15,49,51,15:49:51
5,19,40,05:19:40
14,57,36,14:57:36
20,25,6,20:25:06
16,42,47,16:42:47
10,0,7,10:00:07
22,7,12,22:07:12
4,24,48,04:24:48
11,21,49,11:21:49
4,45,36,04:45:36
13,21,41,13:21:41
17,50,56,17:50:56
1,55,35,01:55:35
3,0,25,03:00:25
12,16,39,12:16:39
15,48,3,15:48:03
23,18,36,23:18:36
3,48,29,03:48:29
11,6,33,11:06:33
13,59,15,13:59:15
1,43,48,01:43:48
8,9,11,08:09:11
8,8,47,08:08:47
16,6,28,16:06:28
15,2,1,15:02:01
22,29,34,22:29:34
17,56,43,17:56:43
14,9,17,14:09:17
19,28,58,19:28:58
14,55,5,14:55:05
6,10,30,06:10:30
15,17,36,15:17:36
21,35,10,21:35:10
15,4,17,15:04:17
2,50,32,02:50:32
0,52,9,00:52:09
2,45,16,02:45:16
15,34,30,15:34:30
15,9,35,15:09:35
2,26,42,02:26:42
19,40,10,19:40:10
2,51,34,02:51:34
18,33,8,18:33:08
5,31,21,05:31:21
0,55,2,00:55:02
13,17,3,13:17:03
5,37,27,05:37:27
17,37,43,17:37:43
23,38,26,23:38:26
20,21,41,20:21:41
16,6,43,16:06:43
5,52,38,05:52:38
20,15,24,20:15:24
0,46,50,00:46:50
13,3,22,13:03:22
6,54,1,06:54:01
8,48,9,08:48:09
9,2,24,09:02:24
21,18,38,21:18:38
16,34,4,16:34:04
18,32,20,18:32:20
13,49,45,13:49:45
0,55,40,00:55:40
23,26,54,23:26:54
4,12,20,04:12:20
11,39,26,11:39:26
19,35,27,19:35:27
18,51,36,18:51:36
12,57,25,12:57:25
14,49,5,14:49:05
12,11,29,12:11:29
2,10,4,02:10:04
16,20,13,16:20:13
22,33,0,22:33:00
4,33,21,04:33:21
11,25,58,11:25:58
19,14,1,19:14:01
21,45,28,21:45:28
9,30,32,09:30:32
21,9,54,21:09:54
6,40,8,06:40:08
2,54,33,02:54:33
22,17,15,22:17:15
20,31,24,20:31:24
2,56,13,02:56:13
20,58,37,20:58:37
0,36,46,00:36:46
22,59,22,22:59:22
4,13,37,04:13:37
10,31,30,10:31:30
2,8,26,02:08:26
10,21,45,10:21:45
0,41,50,00:41:50
3,54,41,03:54:41
21,5,35,21:05:35
7,40,36,07:40:36
21,36,0,21:36:00
3,13,50,03:13:50
10,33,58,10:33:58
12,15,30,12:15:30
17,28,55,17:28:55
6,46,0,06:46:00
6,19,54,06:19:54
1,25,5,01:25:05
10,39,29,10:39:29
23,49,33,23:49:33
0,42,31,00:42:31
11,8,20,11:08:20
13,26,43,13:26:43
1,34,2,01:34:02
22,7,17,22:07:17
13,36,3,13:36:03
18,41,47,18:41:47
23,54,22,23:54:22
13,51,53,13:51:53
7,54,12,07:54:12
17,2,11,17:02:11
12,42,5,12:42:05
22,19,8,22:19:08
16,16,24,16:16:24
5,41,3,05:41:03
21,52,38,21:52:38
22,17,35,22:17:35
6,10,45,06:10:45
0,27,6,00:27:06
12,43,28,12:43:28
16,37,23,16:37:23
8,9,55,08:09:55
15,16,57,15:16:57
10,50,33,10:50:33
4,23,11,04:23:11
15,58,9,15:58:09
15,54,58,15:54:58
18,3,22,18:03:22
23,13,0,23:13:00
4,23,55,04:23:55
1,9,30,01:09:30
10,34,6,10:34:06
2,42,2,02:42:02
1,29,28,01:29:28
14,18,4,14:18:04
1,10,41,01:10:41
23,39,28,23:39:28
20,42,55,20:42:55
5,11,43,05:11:43
19,58,18,19:58:18
2,6,41,02:06:41
7,38,7,07:38:07
13,1,36,13:01:36
1,9,45,01:09:45
0,49,1,00:49:01
4,27,24,04:27:24
2,21,45,02:21:45
20,24,28,20:24:28
8,17,55,08:17:55
20,59,4,20:59:04
0,45,31,00:45:31
11,56,32,11:56:32
4,21,2,04:21:02
6,6,35,06:06:35
17,50,4,17:50:04
17,33,49,17:33:49
7,48,23,07:48:23
9,13,17,09:13:17
20,54,17,20:54:17
20,23,45,20:23:45
0,46,4,00:46:04
8,49,10,08:49:10
19,7,13,19:07:13
17,36,2,17:36:02
21,16,19,21:16:19
18,9,11,18:09:11
16,27,4,16:27:04
17,12,8,17:12:08
16,2,40,16:02:40
12,58,12,12:58:12
22,2,51,22:02:51
10,10,22,10:10:22
19,13,37,19:13:37
7,58,11,07:58:11
0,8,10,00:08:10
2,32,29,02:32:29
18,51,20,18:51:20
10,46,3,10:46:03
2,35,46,02:35:46
15,0,18,15:00:18
2,53,30,02:53:30
18,23,1,18:23:01
16,50,23,16:50:23
17,35,3,17:35:03
0,4,47,00:04:47
16,59,7,16:59:07
9,59,26,09:59:26
22,2,6,22:02:06
0,30,8,00:30:08
19,9,36,19:09:36
0,49,5,00:49:05
18,21,40,18:21:40
11,6,2,11:06:02
22,31,42,22:31:42
7,32,9,07:32:09
20,47,14,20:47:14
15,30,14,15:30:14
5,46,58,05:46:58
1,30,1,01:30:01
16,52,12,16:52:12
15,16,36,15:16:36
13,49,30,13:49:30
14,0,8,14:00:08
12,4,20,12:04:20
14,34,26,14:34:26
5,0,39,05:00:39
6,11,51,06:11:51
19,58,46,19:58:46
15,55,32,15:55:32
19,45,56,19:45:56
10,33,11,10:33:11
2,29,5,02:29:05
10,43,46,10:43:46
8,57,49,08:57:49
18,59,54,18:59:54
6,0,38,06:00:38
9,46,31,09:46:31
20,41,12,20:41:12
4,48,42,04:48:42
21,25,8,21:25:08
8,41,35,08:41:35
12,21,37,12:21:37
1,57,57,01:57:57
3,22,30,03:22:30
4,28,55,04:28:55
6,32,42,06:32:42
16,10,35,16:10:35
10,55,29,10:55:29
23,11,24,23:11:24
8,9,49,08:09:49
0,45,24,00:45:24
14,27,2,14:27:02
18,25,16,18:25:16
15,45,58,15:45:58
14,21,30,14:21:30
23,37,33,23:37:33
10,46,4,10:46:04
10,23,38,10:23:38
12,40,13,12:40:13
9,18,59,09:18:59
12,44,20,12:44:20
1,14,55,01:14:55
6,56,23,06:56:23
4,50,53,04:50:53
1,4,38,01:04:38
19,44,4,19:44:04
9,2,16,09:02:16
19,29,15,19:29:15
13,8,2,13:08:02
21,43,48,21:43:48
6,46,54,06:46:54
6,12,46,06:12:46
12,47,18,12:47:18
18,55,47,18:55:47
1,57,30,01:57:30
13,0,39,13:00:39
21,36,26,21:36:26
20,43,59,20:43:59
5,42,30,05:42:30
12,24,40,12:24:40
17,22,32,17:22:32
4,58,33,04:58:33
14,17,1,14:17:01
2,19,36,02:19:36
13,30,49,13:30:49
15,30,1,15:30:01
6,15,19,06:15:19
16,35,42,16:35:42
15,34,51,15:34:51
23,15,10,23:15:10
10,5,52,10:05:52
13,10,16,13:10:16
1,36,43,01:36:43
20,41,18,20:41:18
16,48,48,16:48:48
15,16,16,15:16:16
20,3,50,20:03:50
6,37,1,06:37:01
11,8,42,11:08:42
23,12,15,23:12:15
9,2,12,09:02:12
23,0,40,23:00:40
17,52,14,17:52:14
19,43,11,19:43:11
17,39,30,17:39:30
16,53,16,16:53:16
19,39,30,19:39:30
19,27,13,19:27:13
1,23,8,01:23:08
23,25,30,23:25:30
9,29,16,09:29:16
15,26,26,15:26:26
13,19,40,13:19:40
8,9,9,08:09:09
11,49,55,11:49:55
21,55,42,21:55:42
7,27,4,07:27:04
23,1,36,23:01:36
10,13,7,10:13:07
2,40,32,02:40:32
16,30,50,16:30:50
23,20,17,23:20:17
20,41,27,20:41:27
17,53,5,17:53:05
20,42,0,20:42:00
19,10,20,19:10:20
8,47,19,08:47:19
7,10,35,07:10:35
17,40,18,17:40:18
16,37,53,16:37:53
22,27,1,22:27:01
10,41,31,10:41:31
8,49,9,08:49:09
4,24,2,04:24:02
17,55,33,17:55:33
11,4,17,11:04:17
2,3,28,02:03:28
23,23,41,23:23:41
6,2,51,06:02:51
23,21,45,23:21:45
21,17,51,21:17:51
5,15,44,05:15:44
13,16,10,13:16:10
7,29,18,07:29:18
21,38,34,21:38:34
17,13,5,17:13:05
14,8,19,14:08:19
21,19,41,21:19:41
1,25,20,01:25:20
8,33,31,08:33:31
9,50,20,09:50:20
0,58,53,00:58:53
3,9,2,03:09:02
9,29,10,09:29:10
11,5,45,11:05:45
18,57,58,18:57:58
12,2,44,12:02:44
17,30,22,17:30:22
0,34,33,00:34:33
4,59,47,04:59:47
0,42,16,00:42:16
12,41,16,12:41:16
7,24,8,07:24:08
14,43,40,14:43:40
19,6,22,19:06:22
16,14,38,16:14:38
17,18,10,17:18:10
4,46,5,04:46:05
3,32,53,03:32:53
13,54,32,13:54:32
2,6,6,02:06:06
20,46,39,20:46:39
9,5,13,09:05:13
16,51,10,16:51:10
12,19,47,12:19:47
14,54,28,14:54:28
17,18,5,17:18:05
4,7,52,04:07:52
6,44,26,06:44:26
12,45,52,12:45:52
20,26,47,20:26:47
21,18,22,21:18:22
7,26,42,07:26:42
2,1,37,02:01:37
5,23,56,05:23:56
10,31,29,10:31:29
4,48,13,04:48:13
6,50,40,06:50:40
22,37,29,22:37:29
8,38,8,08:38:08
5,25,13,05:25:13
18,42,3,18:42:03
21,22,25,21:22:25
8,0,43,08:00:43
1,37,51,01:37:51
11,19,10,11:19:10
6,13,55,06:13:55
9,23,42,09:23:42
13,23,36,13:23:36
19,0,0,19:00:00
6,51,53,06:51:53
14,54,1,14:54:01
10,3,53,10:03:53
5,14,55,05:14:55
1,9,45,01:09:45
15,59,13,15:59:13
21,3,14,21:03:14
0,18,18,00:18:18
10,0,42,10:00:42
10,17,6,10:17:06
3,23,5,03:23:05
18,58,8,18:58:08
1,34,18,01:34:18
5,43,44,05:43:44
8,49,22,08:49:22
5,6,57,05:06:57
22,4,28,22:04:28
2,36,37,02:36:37
16,43,14,16:43:14
10,28,49,10:28:49
8,42,29,08:42:29
6,48,42,06:48:42
19,57,34,19:57:34
0,43,59,00:43:59
6,8,17,06:08:17
6,41,23,06:41:23
13,51,51,13:51:51
7,46,15,07:46:15
18,0,36,18:00:36
13,28,46,13:28:46
3,38,12,03:38:12
3,5,26,03:05:26
11,57,28,11:57:28
5,29,42,05:29:42
23,45,7,23:45:07
0,35,5,00:35:05
10,7,20,10:07:20
20,23,0,20:23:00
19,21,50,19:21:50
20,23,50,20:23:50
22,50,29,22:50:29
8,36,45,08:36:45
9,35,4,09:35:04
14,44,26,14:44:26
20,3,17,20:03:17
6,44,16,06:44:16
13,20,50,13:20:50
15,45,8,15:45:08
21,4,59,21:04:59
7,48,6,07:48:06
9,15,30,09:15:30
22,57,50,22:57:50
20,43,3,20:43:03
19,1,59,19:01:59
12,13,21,12:13:21
17,53,23,17:53:23
6,36,45,06:36:45
15,17,54,15:17:54
9,15,31,09:15:31
22,16,9,22:16:09
16,46,27,16:46:27
3,55,59,03:55:59
6,18,47,06:18:47
3,32,33,03:32:33
23,13,7,23:13:07
5,46,53,05:46:53
7,38,13,07:38:13
3,58,16,03:58:16
23,16,45,23:16:45
3,46,50,03:46:50
10,16,4,10:16:04
7,59,25,07:59:25
17,45,15,17:45:15
2,56,30,02:56:30
21,29,10,21:29:10
13,51,18,13:51:18
11,3,17,11:03:17
22,50,31,22:50:31
3,22,17,03:22:17
2,40,21,02:40:21
14,29,24,14:29:24
14,15,50,14:15:50
2,56,21,02:56:21
15,0,34,15:00:34
7,49,21,07:49:21
0,27,15,00:27:15
13,56,38,13:56:38
2,9,8,02:09:08
14,54,12,14:54:12
10,18,39,10:18:39
15,56,43,15:56:43
6,12,36,06:12:36
22,42,24,22:42:24
5,12,34,05:12:34
17,50,26,17:50:26
18,48,13,18:48:13
13,47,46,13:47:46
23,10,36,23:10:36
7,9,44,07:09:44
8,6,5,08:06:05
0,30,1,00:30:01
13,27,6,13:27:06
1,28,33,01:28:33
12,21,41,12:21:41
15,42,25,15:42:25
18,45,8,18:45:08
12,7,41,12:07:41
18,4,56,18:04:56
16,24,56,16:24:56
5,16,0,05:16:00
6,36,12,06:36:12
13,2,34,13:02:34
20,58,22,20:58:22
13,41,47,13:41:47
23,50,19,23:50:19
21,28,10,21:28:10
22,0,6,22:00:06
11,26,16,11:26:16
22,24,49,22:24:49
21,41,2,21:41:02
2,1,46,02:01:46
17,54,54,17:54:54
1,58,31,01:58:31
1,32,5,01:32:05
3,31,13,03:31:13
7,21,3,07:21:03
17,13,27,17:13:27
11,5,36,11:05:36
16,36,47,16:36:47
14,46,19,14:46:19
2,8,45,02:08:45
21,56,32,21:56:32
19,52,1,19:52:01
19,40,0,19:40:00
18,32,19,18:32:19
10,40,2,10:40:02
10,6,2,10:06:02
1,45,6,01:45:06
5,31,7,05:31:07
10,57,31,10:57:31
20,10,2,20:10:02
7,15,36,07:15:36
5,44,43,05:44:43
9,34,17,09:34:17
11,28,41,11:28:41
12,39,35,12:39:35
19,50,21,19:50:21
9,28,33,09:28:33
5,27,19,05:27:19
18,30,47,18:30:47
14,52,4,14:52:04
6,49,51,06:49:51
16,53,44,16:53:44
14,32,57,14:32:57
1,27,51,01:27:51
15,38,6,15:38:06
9,59,19,09:59:19
23,41,26,23:41:26
16,13,38,16:13:38
19,15,2,19:15:02
3,33,29,03:33:29
22,17,51,22:17:51
12,4,32,12:04:32
2,18,39,02:18:39
17,3,47,17:03:47
15,13,33,15:13:33
8,12,23,08:12:23
10,4,17,10:04:17
6,4,17,06:04:17
13,55,27,13:55:27
3,23,12,03:23:12
9,14,55,09:14:55
9,42,15,09:42:15
0,30,41,00:30:41
22,31,14,22:31:14
22,16,3,22:16:03
15,32,13,15:32:13
18,53,41,18:53:41
10,55,11,10:55:11
15,45,37,15:45:37
2,7,2,02:07:02
11,10,7,11:10:07
23,42,19,23:42:19
12,54,27,12:54:27
14,49,56,14:49:56
5,4,57,05:04:57
20,38,54,20:38:54
2,12,39,02:12:39
19,34,1,19:34:01
21,33,16,21:33:16
7,30,11,07:30:11
3,7,46,03:07:46
12,50,35,12:50:35
7,1,22,07:01:22
1,44,36,01:44:36
9,30,9,09:30:09
4,52,12,04:52:12
16,27,20,16:27:20
14,46,29,14:46:29
21,6,17,21:06:17
21,3,55,21:03:55
8,40,28,08:40:28
12,2,8,12:02:08
6,37,48,06:37:48
12,53,12,12:53:12
14,56,19,14:56:19
13,11,9,13:11:09
6,16,41,06:16:41
15,34,1,15:34:01
4,17,43,04:17:43
17,51,41,17:51:41
22,20,41,22:20:41
4,1,41,04:01:41
19,3,7,19:03:07
18,16,7,18:16:07
11,45,40,11:45:40
8,37,56,08:37:56
22,19,10,22:19:10
12,33,29,12:33:29
23,11,23,23:11:23
15,36,59,15:36:59
3,32,23,03:32:23
11,14,25,11:14:25
18,58,50,18:58:50
1,3,22,01:03:22
15,50,9,15:50:09
14,25,20,14:25:20
12,11,20,12:11:20
23,55,9,23:55:09
8,15,20,08:15:20
16,28,46,16:28:46
1,32,13,01:32:13
11,34,55,11:34:55
16,28,53,16:28:53
13,54,30,13:54:30
12,57,8,12:57:08
0,53,3,00:53:03
13,26,41,13:26:41
8,11,22,08:11:22
3,3,37,03:03:37
3,25,20,03:25:20
11,43,18,11:43:18
3,40,23,03:40:23
8,0,57,08:00:57
19,6,45,19:06:45
2,35,25,02:35:25
11,58,58,11:58:58
12,11,57,12:11:57
1,43,1,01:43:01
3,52,27,03:52:27
21,56,59,21:56:59
4,52,8,04:52:08
23,47,48,23:47:48
12,10,27,12:10:27
7,58,22,07:58:22
14,33,7,14:33:07
0,22,10,00:22:10
3,27,17,03:27:17
23,20,32,23:20:32
5,22,26,05:22:26
19,43,37,19:43:37
16,59,9,16:59:09
10,6,38,10:06:38
10,12,7,10:12:07
10,55,2,10:55:02
14,55,57,14:55:57
12,14,14,12:14:14
12,12,37,12:12:37
14,17,16,14:17:16
6,27,57,06:27:57
17,35,3,17:35:03
11,30,20,11:30:20
17,39,6,17:39:06
23,0,45,23:00:45
0,43,44,00:43:44
6,37,59,06:37:59
8,15,17,08:15:17
1,31,18,01:31:18
3,31,41,03:31:41
3,41,53,03:41:53
11,24,32,11:24:32
6,55,40,06:55:40
20,20,48,20:20:48
3,40,36,03:40:36
17,14,37,17:14:37
13,21,37,13:21:37
10,2,13,10:02:13
14,42,24,14:42:24
7,40,8,07:40:08
8,11,48,08:11:48
8,7,11,08:07:11
6,19,1,06:19:01
7,42,14,07:42:14
7,36,56,07:36:56
21,12,23,21:12:23
22,46,59,22:46:59
0,50,55,00:50:55
19,21,57,19:21:57
16,47,2,16:47:02
20,42,34,20:42:34
14,41,55,14:41:55
18,15,15,18:15:15
0,24,58,00:24:58
2,56,59,02:56:59
9,13,57,09:13:57
7,42,27,07:42:27
21,18,36,21:18:36
22,38,9,22:38:09
3,2,29,03:02:29
18,42,7,18:42:07
19,56,48,19:56:48
22,16,33,22:16:33
13,43,31,13:43:31
14,12,54,14:12:54
19,59,10,19:59:10
3,44,21,03:44:21
7,4,18,07:04:18
0,31,4,00:31:04
23,47,37,23:47:37
11,16,52,11:16:52
9,12,55,09:12:55
21,2,30,21:02:30
2,2,19,02:02:19
3,58,4,03:58:04
0,25,3,00:25:03
17,0,3,17:00:03
6,13,34,06:13:34
22,32,43,22:32:43
7,2,53,07:02:53
23,33,53,23:33:53
12,54,29,12:54:29
1,25,5,01:25:05
18,24,54,18:24:54
3,10,43,03:10:43
5,7,46,05:07:46
20,32,15,20:32:15
1,45,41,01:45:41
1,43,44,01:43:44
11,11,44,11:11:44
16,58,44,16:58:44
16,46,34,16:46:34
2,12,29,02:12:29
2,13,14,02:13:14
7,56,19,07:56:19
19,29,8,19:29:08
12,41,55,12:41:55
15,51,40,15:51:40
10,33,26,10:33:26
14,13,51,14:13:51
15,29,6,15:29:06
11,16,14,11:16:14
23,14,9,23:14:09
8,44,35,08:44:35
7,29,29,07:29:29
16,19,44,16:19:44
11,52,10,11:52:10
2,15,18,02:15:18
8,58,39,08:58:39
18,15,26,18:15:26
11,54,34,11:54:34
17,3,42,17:03:42
5,59,9,05:59:09
11,7,42,11:07:42
7,36,39,07:36:39
11,37,30,11:37:30
11,39,51,11:39:51
20,17,36,20:17:36
1,46,47,01:46:47
2,1,42,02:01:42
5,55,59,05:55:59
23,40,35,23:40:35
0,33,59,00:33:59
18,3,18,18:03:18
23,37,21,23:37:21
17,48,40,17:48:40
15,25,49,15:25:49
13,53,3,13:53:03
14,0,7,14:00:07
6,19,29,06:19:29
6,33,8,06:33:08
18,57,0,18:57:00
5,41,42,05:41:42
21,27,14,21:27:14
4,16,37,04:16:37
7,10,17,07:10:17
7,50,13,07:50:13
0,59,56,00:59:56
8,45,52,08:45:52
16,29,24,16:29:24
14,11,16,14:11:16
23,13,26,23:13:26
20,0,56,20:00:56
11,51,13,11:51:13
20,35,7,20:35:07
2,48,29,02:48:29
20,38,9,20:38:09
7,46,18,07:46:18
8,41,8,08:41:08
21,13,52,21:13:52
11,33,23,11:33:23
7,56,43,07:56:43
5,48,3,05:48:03
4,57,56,04:57:56
23,6,15,23:06:15
4,1,34,04:01:34
22,10,23,22:10:23
9,16,28,09:16:28
11,43,35,11:43:35
0,30,37,00:30:37
13,32,19,13:32:19
5,48,34,05:48:34
13,48,40,13:48:40
16,26,47,16:26:47
19,46,37,19:46:37
13,27,10,13:27:10
18,45,57,18:45:57
22,54,36,22:54:36
10,37,24,10:37:24
9,21,50,09:21:50
11,11,5,11:11:05
3,2,15,03:02:15
20,33,51,20:33:51
3,46,48,03:46:48
10,8,21,10:08:21
1,0,22,01:00:22
3,51,57,03:51:57
14,2,55,14:02:55
5,40,54,05:40:54
14,37,55,14:37:55
7,12,6,07:12:06
21,10,47,21:10:47
13,16,3,13:16:03
12,22,0,12:22:00
6,41,0,06:41:00
12,52,17,12:52:17
8,41,52,08:41:52
14,24,32,14:24:32
10,39,45,10:39:45
0,8,9,00:08:09
6,20,5,06:20:05
22,4,14,22:04:14
16,32,13,16:32:13
4,14,13,04:14:13
15,6,32,15:06:32
2,42,35,02:42:35
5,42,45,05:42:45
15,24,19,15:24:19
14,22,37,14:22:37
23,36,18,23:36:18
4,5,51,04:05:51
9,21,33,09:21:33
23,34,22,23:34:22
2,35,19,02:35:19
10,34,12,10:34:12
20,9,37,20:09:37
1,42,53,01:42:53
1,32,36,01:32:36
4,38,43,04:38:43
14,8,18,14:08:18
10,8,29,10:08:29
6,14,53,06:14:53
5,59,58,05:59:58
0,52,4,00:52:04
12,7,0,12:07:00
11,40,5,11:40:05
17,19,36,17:19:36
5,46,31,05:46:31
21,42,44,21:42:44
4,58,18,04:58:18
21,3,57,21:03:57
13,58,8,13:58:08
22,50,36,22:50:36
18,9,29,18:09:29
5,40,33,05:40:33
15,29,25,15:29:25
7,13,34,07:13:34
20,50,45,20:50:45
17,28,2,17:28:02
13,47,31,13:47:31
19,25,5,19:25:05
23,23,46,23:23:46
1,1,24,01:01:24
4,56,24,04:56:24
13,25,18,13:25:18
21,14,40,21:14:40
17,27,58,17:27:58
7,29,17,07:29:17
7,51,21,07:51:21
23,49,18,23:49:18
3,33,0,03:33:00
22,6,24,22:06:24
19,56,56,19:56:56
14,11,29,14:11:29
23,6,37,23:06:37
6,23,3,06:23:03
2,57,16,02:57:16
15,31,49,15:31:49
2,34,8,02:34:08
2,1,40,02:01:40
22,5,27,22:05:27
22,25,54,22:25:54
0,22,13,00:22:13
2,18,41,02:18:41
17,26,44,17:26:44
14,49,48,14:49:48
23,35,45,23:35:45
20,32,56,20:32:56
8,0,12,08:00:12
14,47,37,14:47:37
23,31,32,23:31:32
23,19,54,23:19:54
9,57,53,09:57:53
2,33,41,02:33:41
13,13,29,13:13:29
5,28,15,05:28:15
22,12,20,22:12:20
22,9,48,22:09:48
13,50,4,13:50:04
14,10,30,14:10:30
9,22,57,09:22:57
6,10,43,06:10:43
14,38,43,14:38:43
5,0,49,05:00:49
23,13,31,23:13:31
1,23,36,01:23:36
23,32,4,23:32:04
0,56,42,00:56:42
7,0,42,07:00:42
19,25,36,19:25:36
2,32,17,02:32:17
21,26,59,21:26:59
8,4,13,08:04:13
14,24,27,14:24:27
17,17,10,17:17:10
14,38,50,14:38:50
17,5,6,17:05:06
3,7,59,03:07:59
21,58,26,21:58:26
20,24,4,20:24:04
1,36,54,01:36:54
13,23,20,13:23:20
4,34,16,04:34:16
11,50,50,11:50:50
0,41,29,00:41:29
11,17,41,11:17:41
4,55,41,04:55:41
20,35,30,20:35:30
7,57,13,07:57:13
20,53,9,20:53:09
7,12,46,07:12:46
1,12,49,01:12:49
3,58,54,03:58:54
15,35,11,15:35:11
2,45,20,02:45:20
15,0,8,15:00:08
20,44,10,20:44:10
21,53,41,21:53:41
14,43,46,14:43:46
2,28,12,02:28:12
3,10,8,03:10:08
11,6,15,11:06:15
12,45,54,12:45:54
23,20,28,23:20:28
20,10,24,20:10:24
18,54,12,18:54:12
2,18,40,02:18:40
22,10,9,22:10:09
6,32,25,06:32:25
8,52,11,08:52:11
10,42,52,10:42:52
21,4,26,21:04:26
18,43,14,18:43:14
8,32,20,08:32:20
6,9,20,06:09:20
3,26,0,03:26:00
19,51,30,19:51:30
9,44,41,09:44:41
2,14,22,02:14:22
18,0,10,18:00:10
3,57,31,03:57:31
13,53,41,13:53:41
23,15,43,23:15:43
15,22,15,15:22:15
17,5,45,17:05:45
9,54,8,09:54:08
10,49,43,10:49:43
22,28,7,22:28:07
12,58,29,12:58:29
7,51,7,07:51:07
20,37,25,20:37:25
21,5,25,21:05:25
3,29,46,03:29:46
20,46,53,20:46:53
9,9,49,09:09:49
14,17,17,14:17:17
12,7,0,12:07:00
18,47,27,18:47:27
1,13,34,01:13:34
16,55,16,16:55:16
14,48,35,14:48:35
20,36,16,20:36:16
15,22,32,15:22:32
17,51,27,17:51:27
4,48,38,04:48:38
7,25,26,07:25:26
4,34,50,04:34:50
1,23,33,01:23:33
6,26,30,06:26:30
3,22,21,03:22:21
4,8,44,04:08:44
16,14,43,16:14:43
4,8,19,04:08:19
5,52,59,05:52:59
8,25,7,08:25:07
11,18,42,11:18:42
13,40,58,13:40:58
13,56,33,13:56:33
2,24,54,02:24:54
18,12,58,18:12:58
11,14,6,11:14:06
1,2,21,01:02:21
7,9,12,07:09:12
13,11,11,13:11:11
23,49,24,23:49:24
13,37,15,13:37:15
5,43,48,05:43:48
9,34,48,09:34:48
6,20,10,06:20:10
11,36,54,11:36:54
10,41,6,10:41:06
4,41,12,04:41:12
8,59,33,08:59:33
10,20,21,10:20:21
22,40,43,22:40:43
22,22,21,22:22:21
11,49,2,11:49:02
12,48,18,12:48:18
3,38,56,03:38:56
18,1,24,18:01:24
1,18,12,01:18:12
2,47,32,02:47:32
23,27,54,23:27:54
2,56,41,02:56:41
13,45,15,13:45:15
22,15,30,22:15:30
7,28,24,07:28:24
20,50,2,20:50:02
9,41,2,09:41:02
9,5,19,09:05:19
6,17,18,06:17:18
19,20,28,19:20:28
7,5,7,07:05:07
8,9,46,08:09:46
10,4,46,10:04:46
9,9,20,09:09:20
0,46,16,00:46:16
15,48,32,15:48:32
17,15,6,17:15:06
13,41,12,13:41:12
22,42,11,22:42:11
22,14,59,22:14:59
16,6,58,16:06:58
15,16,0,15:16:00
17,57,38,17:57:38
6,43,12,06:43:12
11,7,28,11:07:28
23,14,1,23:14:01
11,30,19,11:30:19
18,23,44,18:23:44
23,44,15,23:44:15
20,57,4,20:57:04
9,35,25,09:35:25
11,29,48,11:29:48
15,8,17,15:08:17
0,4,36,00:04:36
7,0,51,07:00:51
0,1,5,00:01:05
12,8,36,12:08:36
10,5,24,10:05:24
8,19,30,08:19:30
14,36,21,14:36:21
18,44,29,18:44:29
11,34,32,11:34:32
2,9,34,02:09:34
8,1,56,08:01:56
12,57,54,12:57:54
0,33,0,00:33:00
23,59,27,23:59:27
0,38,50,00:38:50
10,56,50,10:56:50
16,46,3,16:46:03
22,12,25,22:12:25
10,23,37,10:23:37
10,36,46,10:36:46
10,53,57,10:53:57
7,25,1,07:25:01
2,32,18,02:32:18
18,19,1,18:19:01
6,45,44,06:45:44
14,36,18,14:36:18
3,31,28,03:31:28
9,41,20,09:41:20
22,3,36,22:03:36
6,10,58,06:10:58
13,29,5,13:29:05
0,10,43,00:10:43
3,27,45,03:27:45
8,1,48,08:01:48
8,23,45,08:23:45
2,54,50,02:54:50
23,53,53,23:53:53
12,42,40,12:42:40
9,57,48,09:57:48
17,59,55,17:59:55
4,11,58,04:11:58
13,22,27,13:22:27
15,56,23,15:56:23
5,7,3,05:07:03
21,0,34,21:00:34
23,46,25,23:46:25
12,53,39,12:53:39
19,11,43,19:11:43
11,10,17,11:10:17
19,42,10,19:42:10
19,17,20,19:17:20
8,53,0,08:53:00
14,42,53,14:42:53
21,14,30,21:14:30
3,58,24,03:58:24
9,42,45,09:42:45
14,50,8,14:50:08
14,48,35,14:48:35
13,58,20,13:58:20
6,16,56,06:16:56
11,26,42,11:26:42
12,51,42,12:51:42
20,28,59,20:28:59
15,37,4,15:37:04
19,24,34,19:24:34
1,56,50,01:56:50
14,53,36,14:53:36
3,3,56,03:03:56
23,55,53,23:55:53
14,19,29,14:19:29
18,2,53,18:02:53
14,32,0,14:32:00
9,28,1,09:28:01
10,24,18,10:24:18
11,43,19,11:43:19
16,46,30,16:46:30
11,41,45,11:41:45
6,7,47,06:07:47
20,48,19,20:48:19
21,2,52,21:02:52
15,59,50,15:59:50
2,50,20,02:50:20
8,21,38,08:21:38
13,56,43,13:56:43
19,21,47,19:21:47
20,1,39,20:01:39
2,59,58,02:59:58
9,34,51,09:34:51
0,57,10,00:57:10
14,3,38,14:03:38
23,15,50,23:15:50
3,9,9,03:09:09
1,38,43,01:38:43
11,35,20,11:35:20
12,42,56,12:42:56
3,55,54,03:55:54
15,21,43,15:21:43
8,55,29,08:55:29
17,22,26,17:22:26
20,24,8,20:24:08
8,3,20,08:03:20
18,23,1,18:23:01
6,8,49,06:08:49
8,10,2,08:10:02
4,16,45,04:16:45
9,8,48,09:08:48
14,19,24,14:19:24
10,16,47,10:16:47
16,27,52,16:27:52
16,38,4,16:38:04
1,40,47,01:40:47
16,33,32,16:33:32
11,22,31,11:22:31
21,38,2,21:38:02
2,46,41,02:46:41
0,57,9,00:57:09
9,11,2,09:11:02
1,48,10,01:48:10
9,57,54,09:57:54
2,44,8,02:44:08
23,39,47,23:39:47
10,26,19,10:26:19
7,44,23,07:44:23
2,38,6,02:38:06
1,11,56,01:11:56
5,42,59,05:42:59
2,58,29,02:58:29
0,17,25,00:17:25
16,54,8,16:54:08
21,36,0,21:36:00
23,43,24,23:43:24
8,38,4,08:38:04
11,37,45,11:37:45
13,19,18,13:19:18
5,55,19,05:55:19
1,15,35,01:15:35
15,55,52,15:55:52
18,44,42,18:44:42
8,53,26,08:53:26
13,36,29,13:36:29
14,54,6,14:54:06
1,5,19,01:05:19
21,5,30,21:05:30
11,18,20,11:18:20
13,35,36,13:35:36
8,9,13,08:09:13
19,53,39,19:53:39
22,15,31,22:15:31
13,45,28,13:45:28
20,47,38,20:47:38
0,20,21,00:20:21
10,48,13,10:48:13
12,17,32,12:17:32
6,15,22,06:15:22
7,55,56,07:55:56
23,40,32,23:40:32
11,33,6,11:33:06
18,8,56,18:08:56
22,12,26,22:12:26
4,51,49,04:51:49
18,38,35,18:38:35
1,45,8,01:45:08
2,22,8,02:22:08
4,50,37,04:50:37
21,1,18,21:01:18
20,6,42,20:06:42
4,53,6,04:53:06
0,4,56,00:04:56
16,35,0,16:35:00
11,23,40,11:23:40
19,49,33,19:49:33
11,25,52,11:25:52
4,25,11,04:25:11
1,18,17,01:18:17
9,17,57,09:17:57
17,41,5,17:41:05
12,11,24,12:11:24
21,36,7,21:36:07
15,58,36,15:58:36
21,37,49,21:37:49
0,32,38,00:32:38
8,19,46,08:19:46
3,25,53,03:25:53
20,15,44,20:15:44
4,39,26,04:39:26
12,26,18,12:26:18
23,30,30,23:30:30
3,52,17,03:52:17
10,11,27,10:11:27
12,59,18,12:59:18
20,54,41,20:54:41
11,35,7,11:35:07
4,23,29,04:23:29
16,16,45,16:16:45
10,52,29,10:52:29
5,56,2,05:56:02
18,44,2,18:44:02
23,12,12,23:12:12
23,41,37,23:41:37
18,7,11,18:07:11
21,22,36,21:22:36
3,35,38,03:35:38
16,26,22,16:26:22
16,35,12,16:35:12
1,35,52,01:35:52
0,26,51,00:26:51
3,19,19,03:19:19
2,45,1,02:45:01
2,1,40,02:01:40
3,37,31,03:37:31
1,56,0,01:56:00
17,54,49,17:54:49
9,25,54,09:25:54
9,54,31,09:54:31
22,40,35,22:40:35
0,48,1,00:48:01
14,39,39,14:39:39
11,1,32,11:01:32
1,23,24,01:23:24
3,49,49,03:49:49
22,19,45,22:19:45
15,27,17,15:27:17
1,13,12,01:13:12
9,30,28,09:30:28
5,12,30,05:12:30
11,31,27,11:31:27
17,10,3,17:10:03
11,44,44,11:44:44
0,26,31,00:26:31
23,32,12,23:32:12
13,10,18,13:10:18
20,34,43,20:34:43
4,36,38,04:36:38
9,12,45,09:12:45
19,20,42,19:20:42
8,4,29,08:04:29
18,2,45,18:02:45
13,13,10,13:13:10
